time,volume_kg,value_gbp,price_per_kg,base_price_per_kg,comp_price_per_kg,rel_base_price,promo_share_vol,promo_distribution,promo_depth,distribution,temp_avg,heat_excess,rainfall,comp_media_spend,comp_volume_kg,new_year_week,raw_spend_TV,raw_spend_VOD,raw_spend_OLV,raw_spend_Social,raw_spend_Online_Partnership,raw_spend_OOH,raw_spend_Search,raw_spend_RDM,spend_video,spend_social,spend_partnership,spend_ooh,spend_search_rdm
2022-01-01,2040956.631,1162853.465,0.569759027,0.5918823973829508,0.45021398725901446,1.314669055456139,0.19533442991616415,8.009260576,0.12296641141003684,41.14481744,9.945714286,0.0,28.54,0.0,13900370.77,1,0.0,0.0,0.0,0.0,0.0,0.0,0.0,0.0,0.0,0.0,0.0,0.0,0.0
2022-01-08,2948138.115,1462441.838,0.49605608,0.557616428281553,0.4439838490819601,1.255938542436971,0.39655167648073364,14.31607405,0.29900200357326645,40.48175368,5.114285714,0.0,16.5,0.0,15847193.753,0,0.0,0.0,0.0,0.0,0.0,0.0,0.0,0.0,0.0,0.0,0.0,0.0,0.0
2022-01-15,2864976.63,1475334.652,0.514955214,0.5800453114454457,0.45445027134584276,1.276366960300533,0.46518808427418135,17.24226798,0.37036472014592026,40.77237447,4.071428571,0.0,8.72,0.0,15790740.149999999,0,0.0,0.0,0.0,0.0,0.0,0.0,0.0,0.0,0.0,0.0,0.0,0.0,0.0
2022-01-22,2895194.31,1486929.718,0.513585466,0.5811384454739184,0.4549839256881873,1.2772724763735679,0.49306353603603204,19.22985181,0.38303951185399354,40.50504054,3.671428571,0.0,2.5,0.0,16017513.275,0,0.0,0.0,0.0,0.0,0.0,0.0,0.0,0.0,0.0,0.0,0.0,0.0,0.0
2022-01-29,2802473.251,1557057.812,0.555601311,0.6005400451787913,0.4558025386950492,1.3175443184193791,0.42623248038987255,19.04198396,0.3608598475964625,41.29719488,5.511428571,0.0,1.1,0.0,16141721.923,0,0.0,0.0,0.0,0.0,0.0,0.0,0.0,0.0,0.0,0.0,0.0,0.0,0.0
2022-02-05,2843814.222,1707799.328,0.600531256,0.6270823975025197,0.45800363872848404,1.3691646626289573,0.24210924468047051,11.42325255,0.35494823070938675,41.21434627,6.948571429,0.0,21.9,135.5,16544115.785,0,0.0,0.0,0.0,0.0,0.0,0.0,0.0,0.0,0.0,0.0,0.0,0.0,0.0
2022-02-12,2807246.294,1779578.246,0.63392309,0.6535723060719058,0.46166559919274797,1.4156833587226751,0.2670327699077194,14.0815188,0.3313411906533268,41.18752728,6.292380952,0.0,19.78,135.5,16259610.331999999,0,0.0,0.0,0.0,0.0,0.0,0.0,0.0,0.0,0.0,0.0,0.0,0.0,0.0
2022-02-19,2767543.802,1802326.425,0.65123682,0.6700568823747711,0.45692296803980686,1.4664548058271305,0.24048482145757918,12.24049947,0.2797860992194322,41.52488328,7.472857143,0.0,42.68,135.5,15851140.825000001,0,0.0,0.0,0.0,0.0,0.0,0.0,0.0,0.0,0.0,0.0,0.0,0.0,0.0
2022-02-26,2999782.54,1929099.247,0.643079697,0.6666387886141071,0.4703003233910606,1.4174746549340316,0.24124740758708463,11.79886514,0.24229302940787367,42.16249252,6.477142857,0.0,28.56,135.5,16016690.195999999,0,0.0,0.0,0.0,0.0,0.0,0.0,0.0,0.0,0.0,0.0,0.0,0.0,0.0
2022-03-05,3205139.339,1934471.713,0.603553078,0.6435042884803656,0.4757249142645463,1.3526814955134319,0.3249880856427877,14.62187501,0.26888057869663273,42.46347201,6.425714286,0.0,23.78,135.5,16205669.711,0,0.0,0.0,0.0,0.0,0.0,0.0,0.0,0.0,0.0,0.0,0.0,0.0,0.0
2022-03-12,3318470.573,2043710.918,0.615859286,0.6662812837184249,0.4745706542975122,1.4039664646030299,0.32649739636549135,14.03595045,0.31212164561763456,42.62186626,7.062857143,0.0,13.86,135.5,16682587.887000002,0,0.0,0.0,0.0,0.0,0.0,0.0,0.0,0.0,0.0,0.0,0.0,0.0,0.0
2022-03-19,3456116.917,2199312.037,0.636353483,0.6846957289092007,0.48932908144780274,1.3992541111257004,0.2939693558983844,12.65549159,0.3402619398259694,42.34873927,7.625714286,0.0,14.84,135.5,16818242.027,0,0.0,0.0,0.0,0.0,0.0,0.0,0.0,0.0,0.0,0.0,0.0,0.0,0.0
2022-03-26,3759682.856,2482138.357,0.660198866,0.6991507505906255,0.5132931340326439,1.3620886472760838,0.34306373101167764,16.14716304,0.31586994278997005,42.00780483,8.691428571,0.0,0.2,135.5,17802787.546,0,0.0,0.0,0.0,0.0,0.0,0.0,0.0,0.0,0.0,0.0,0.0,0.0,0.0
2022-04-02,3543546.471,2309233.602,0.651673012,0.6814345390474315,0.48584736283988444,1.4025691835894654,0.2922937908325797,12.98923724,0.1660484500911913,42.55845599,6.031428571,0.0,4.44,0.0,16830280.86,0,0.0,0.0,0.0,0.0,0.0,0.0,0.0,0.0,0.0,0.0,0.0,0.0,0.0
2022-04-09,3619793.086,2468822.432,0.682034131,0.704981889478373,0.4866885347454878,1.4485278348441906,0.3206161834190541,13.74955456,0.15459746995630652,41.67818919,7.502857143,0.0,19.42,0.0,16207754.885,0,0.0,0.0,0.0,0.0,0.0,0.0,0.0,0.0,0.0,0.0,0.0,0.0,0.0
2022-04-16,3841316.525,2739882.64,0.713266564,0.7482519063321043,0.49528746985420197,1.5107426532562342,0.305422204956151,12.58588657,0.2668203604194924,40.45876586,10.46571429,0.0,4.22,0.0,18411153.05,0,0.0,0.0,0.0,0.0,0.0,0.0,0.0,0.0,0.0,0.0,0.0,0.0,0.0
2022-04-23,3422924.808,2409186.992,0.703838713,0.7329541689165961,0.4893786293665965,1.4977241034518811,0.2658277870064156,10.32031852,0.3149377078485015,41.03135219,10.77,0.0,1.2,0.0,18440542.287,0,0.0,0.0,0.0,0.0,0.0,0.0,0.0,0.0,0.0,0.0,0.0,0.0,0.0
2022-04-30,3451387.193,2362062.432,0.684380598,0.7046266208494698,0.4788045500276514,1.4716372699649094,0.17674319512374687,6.421413324,0.23884648957284205,41.84519196,8.706666667,0.0,3.92,0.0,19557111.123999998,0,0.0,0.0,0.0,0.0,0.0,0.0,0.0,0.0,0.0,0.0,0.0,0.0,0.0
2022-05-07,3397210.883,2295330.885,0.675651575,0.6892880995469106,0.4923020697851069,1.4001324427658601,0.16146533541526983,5.166935114,0.16994139696290889,42.16961419,11.73,0.33999999999999986,7.72,0.0,19478284.704,0,0.0,0.0,0.0,0.0,0.0,0.0,0.0,0.0,0.0,0.0,0.0,0.0,0.0
2022-05-14,3551590.36,2442952.569,0.687847505,0.7107006732770926,0.5036582804517886,1.4110771149033507,0.15388388524627034,3.793905958,0.3261378467650926,41.9681274,12.83142857,0.8200000000000003,13.9,0.0,20075469.889,0,0.0,0.0,0.0,0.0,0.0,0.0,0.0,0.0,0.0,0.0,0.0,0.0,0.0
2022-05-21,3552093.37,2590385.489,0.729256024,0.7502761143141645,0.5096334008657081,1.4721878766966208,0.14232162106707236,3.501640765,0.342695881434527,41.08538235,14.44952381,2.460000000000001,23.04,0.0,20941074.347000003,0,0.0,0.0,0.0,0.0,0.0,0.0,0.0,0.0,0.0,0.0,0.0,0.0,0.0
2022-05-28,2960588.848,2330527.698,0.78718384,0.8003219676474819,0.5156305998931471,1.5521227169476186,0.12878969599496376,3.427050511,0.3136291652537043,39.49915384,13.06285714,0.0,10.28,0.0,21140862.082,0,0.0,0.0,0.0,0.0,0.0,0.0,0.0,0.0,0.0,0.0,0.0,0.0,0.0
2022-06-04,3232027.712,2630801.032,0.813978489,0.8252554448884551,0.501822245062413,1.6445174621260878,0.08687842494588116,2.253423824,0.14087900977638446,40.15323679,12.33714286,0.6400000000000006,10.86,100218.5,20832858.03,0,0.0,0.0,0.0,0.0,0.0,0.0,0.0,0.0,0.0,0.0,0.0,0.0,0.0
2022-06-11,3278939.416,2707810.719,0.825819076,0.8339050579616353,0.5039088201073759,1.6548729148736507,0.08452012969427794,2.386080487,0.04093685322532947,40.4728151,14.50857143,1.5399999999999991,18.78,100218.5,20703987.983999997,0,0.0,0.0,0.0,0.0,0.0,0.0,0.0,0.0,0.0,0.0,0.0,0.0,0.0
2022-06-18,4006503.356,3395623.173,0.847527849,0.8482922939625976,0.5190430915153107,1.6343388590069978,0.068339372682657,1.957702216,0.0,40.94643526,16.12,8.04,1.96,100218.5,25132300.020000003,0,0.0,0.0,0.0,0.0,0.0,0.0,0.0,0.0,0.0,0.0,0.0,0.0,0.0
2022-06-25,3734745.142,3072974.165,0.822806925,0.8244165408774041,0.5222999196017537,1.578435128816428,0.06163627927680426,1.89890423,0.0,40.48949021,15.74,5.739999999999998,6.18,100218.5,23381266.795,0,0.0,0.0,0.0,0.0,0.0,0.0,0.0,0.0,0.0,0.0,0.0,0.0,0.0
2022-07-02,3337795.493,2802065.789,0.839495947,0.8414922961452758,0.5229770707762594,1.609042428755512,0.055539319196989526,1.359037484,0.0,39.84629016,14.88857143,1.0199999999999996,21.62,0.0,21133692.4,0,0.0,0.0,0.0,0.0,0.0,0.0,0.0,0.0,0.0,0.0,0.0,0.0,0.0
2022-07-09,3854612.508,3300563.44,0.856263356,0.8578664271909682,0.5306627867067139,1.616594283000087,0.05114505595331296,0.962306116,0.0,39.74909165,16.92571429,6.940000000000001,0.48,0.0,23472887.717,0,0.0,0.0,0.0,0.0,0.0,0.0,0.0,0.0,0.0,0.0,0.0,0.0,0.0
2022-07-16,4945491.141,4134286.324,0.835970828,0.8344930246957917,0.5240378707537406,1.5924288515551621,0.040453805718383355,0.902101017,0.0,39.40549488,18.90571429,8.84,0.4,0.0,31165145.981999997,0,0.0,0.0,0.0,0.0,0.0,0.0,0.0,0.0,0.0,0.0,0.0,0.0,0.0
2022-07-23,4920054.81,4132325.394,0.839894179,0.84001564670169,0.5487919502019221,1.5306632074187958,0.048314102622771395,1.16827942,0.0,36.05575362,20.42857143,14.420000000000002,12.08,0.0,29609190.236,0,0.0,0.0,0.0,0.0,0.0,0.0,0.0,0.0,0.0,0.0,0.0,0.0,0.0
2022-07-30,3733606.48,3202034.817,0.85762515,0.8564219586791787,0.5373247887826732,1.5938627373202539,0.03951215946036177,1.653198967,0.0,37.36765818,17.59714286,5.16,10.48,0.0,22501892.189999998,0,0.0,0.0,0.0,0.0,0.0,0.0,0.0,0.0,0.0,0.0,0.0,0.0,0.0
2022-08-06,4007121.292,3350339.184,0.836096275,0.8356438359299968,0.5367806153110022,1.5567697716614413,0.028568403239639197,1.377767512,0.0,38.09025804,18.05238095,5.879999999999999,11.2,0.0,22915868.425,0,0.0,0.0,0.0,0.0,0.0,0.0,0.0,0.0,0.0,0.0,0.0,0.0,0.0
2022-08-13,5419933.124,4544684.65,0.838513049,0.8392403832226795,0.5376779092925223,1.5608608215408246,0.015088604534228197,1.010491387,0.1051657510614109,38.63362025,20.17380952,11.899999999999999,0.0,0.0,28921892.09,0,0.0,0.0,0.0,0.0,0.0,0.0,0.0,0.0,0.0,0.0,0.0,0.0,0.0
2022-08-20,3705118.338,3167546.156,0.854910928,0.857386187460284,0.5475081221853154,1.5659789375144357,0.029108032743217608,1.533694535,0.23544125554231043,33.56953893,18.68571429,6.219999999999999,15.48,0.0,21915475.684,0,0.0,0.0,0.0,0.0,0.0,0.0,0.0,0.0,0.0,0.0,0.0,0.0,0.0
2022-08-27,3797505.047,3105051.335,0.817655618,0.8190170533242666,0.5343655378840417,1.5326906307756596,0.023243696586981784,1.408159978,0.06506538063886691,37.33725505,17.64857143,4.859999999999999,13.5,0.0,20797319.238,0,0.0,0.0,0.0,0.0,0.0,0.0,0.0,0.0,0.0,0.0,0.0,0.0,0.0
2022-09-03,2718077.843,2407488.865,0.885732126,0.8865335383849602,0.5477571422959066,1.618479194390936,0.030571798428806075,1.769597743,0.12316289983103534,34.25858452,17.53714286,3.5199999999999996,4.48,445.0,19986653.444,0,0.0,0.0,0.0,0.0,0.0,0.0,0.0,0.0,0.0,0.0,0.0,0.0,0.0
2022-09-10,2725734.436,2303228.889,0.84499387,0.8461072497679135,0.543372610413562,1.5571400426752087,0.023960354980818093,1.459008603,0.003979976260500395,36.40725088,16.91714286,3.16,39.38,445.0,19016028.211,0,0.0,0.0,0.0,0.0,0.0,0.0,0.0,0.0,0.0,0.0,0.0,0.0,0.0
2022-09-17,2846061.446,2415109.414,0.848579505,0.8542092291269074,0.5616030594403981,1.5210195435510498,0.06155461068706667,2.88224417,0.10630133699177924,36.06523839,14.71371429,1.3200000000000003,8.38,445.0,18646537.721,0,0.0,0.0,0.0,0.0,0.0,0.0,0.0,0.0,0.0,0.0,0.0,0.0,0.0
2022-09-24,2524606.266,2167543.39,0.858566906,0.8633224912920652,0.5641684062599799,1.5302567136207716,0.048873515471184376,2.904935035,0.1344460076770989,35.49988123,13.12,0.0,9.16,445.0,17594257.248000003,0,0.0,0.0,0.0,0.0,0.0,0.0,1788.600001,0.0,0.0,0.0,0.0,0.0,1788.600001
2022-10-01,2414502.122,2059854.03,0.853117506,0.8666612454854368,0.5538511553397195,1.5647908957666554,0.08836761051312093,3.849878107,0.23584381965868273,35.89942769,11.14571429,0.0,24.3,33.0,17647844.719,0,0.0,0.0,0.0,44729.75002,0.0,0.0,1788.600001,0.0,0.0,44729.75002,0.0,0.0,1788.600001
2022-10-08,2390215.418,2104340.293,0.880397757,0.8846393671683478,0.5544924753195791,1.5954037368288723,0.0958559449807716,4.024315403,0.09818006793701661,34.88042574,12.92571429,0.0,25.74,33.0,18095793.66,0,0.0,0.0,0.0,44729.75002,0.0,0.0,1788.600001,0.0,0.0,44729.75002,0.0,0.0,1788.600001
2022-10-15,2262514.209,2036808.346,0.900241129,0.9060163575538818,0.5495326496698989,1.6487034175278221,0.12722340976025226,5.15429246,0.3045280830235708,34.85845579,10.81714286,0.0,21.2,33.0,18095756.218000002,0,0.0,0.0,0.0,51071.25003,0.0,0.0,1788.600001,0.0,0.0,51071.25003,0.0,0.0,1788.600001
2022-10-22,2372279.416,2090451.816,0.88119966,0.8857845291066522,0.551411415339147,1.606394979258542,0.11052010936472248,4.750830706,0.2827500479820373,35.46861452,13.10857143,0.0,29.4,33.0,17791716.462,0,0.0,0.0,0.0,51071.25003,0.0,0.0,1788.600001,0.0,0.0,51071.25003,0.0,0.0,1788.600001
2022-10-29,2523578.933,2165043.735,0.857925903,0.8663531603533084,0.558488791981243,1.5512453836001154,0.1175109369562961,4.6712291,0.3325985008651652,36.1467425,14.44857143,0.0,20.84,33.0,17550041.950999998,0,0.0,0.0,0.0,11666.66667,0.0,0.0,0.0,0.0,0.0,11666.66667,0.0,0.0,0.0
2022-11-05,2536010.791,2083059.015,0.821392016,0.8301173077758559,0.5412353506720461,1.5337455447895416,0.096526546325725,3.776420326,0.25438409463072487,37.4906681,10.82857143,0.0,39.62,0.0,16761630.197999999,0,0.0,0.0,0.0,11666.66667,0.0,0.0,0.0,0.0,0.0,11666.66667,0.0,0.0,0.0
2022-11-12,2565954.392,2118572.971,0.825647166,0.824582482126667,0.546161757173968,1.5097770418663974,0.03259211699971634,1.429677523,0.0,38.15989407,12.14285714,0.0,44.72,0.0,16486508.173999999,0,0.0,0.0,0.0,11666.66667,0.0,0.0,0.0,0.0,0.0,11666.66667,0.0,0.0,0.0
2022-11-19,2556362.89,2093313.82,0.818864109,0.8237398468670885,0.5422139584534523,1.5192154942241392,0.04968589439975793,1.647661592,0.19026966033412918,38.35516129,9.26,0.0,27.66,0.0,16213970.057,0,0.0,0.0,0.0,0.0,0.0,0.0,0.0,0.0,0.0,0.0,0.0,0.0,0.0
2022-11-26,2474825.501,2002811.27,0.809273732,0.8166855552390405,0.5429161962446809,1.5042571227161872,0.055653092326851686,1.687256855,0.23544524818093493,38.49210019,7.637142857,0.0,30.32,0.0,15504638.134,0,0.0,0.0,0.0,0.0,0.0,0.0,0.0,0.0,0.0,0.0,0.0,0.0,0.0
2022-12-03,2542494.251,2020328.628,0.794624659,0.8087475424939675,0.5469157153356297,1.4787425554185396,0.08415183956299928,2.884798612,0.2693558274343595,38.89218532,5.814285714,0.0,6.58,0.0,15612385.86,0,0.0,0.0,0.0,0.0,0.0,0.0,0.0,0.0,0.0,0.0,0.0,0.0,0.0
2022-12-10,2488743.209,1962087.56,0.788384897,0.8047867877070387,0.543146167853217,1.481713091869828,0.10080638086434253,3.142751566,0.20100798519312457,38.941642,1.611428571,0.0,1.78,0.0,15077321.401,0,0.0,0.0,0.0,0.0,0.0,0.0,0.0,0.0,0.0,0.0,0.0,0.0,0.0
2022-12-17,2593982.915,2084240.076,0.803490287,0.8186332953100005,0.5312894618198105,1.5408423357503824,0.10280729944591789,2.982458975,0.17479448628560135,38.78000057,-1.282857143,0.0,1.0,0.0,15603921.37,0,0.0,0.0,0.0,0.0,0.0,0.0,0.0,0.0,0.0,0.0,0.0,0.0,0.0
2022-12-24,2732729.663,2139276.987,0.782835206,0.8011508521871492,0.5307181577548424,1.5095599057253837,0.10176158416442672,2.923137323,0.241115599714827,38.95606129,7.617142857,0.0,39.26,0.0,17037026.038999997,0,0.0,0.0,0.0,0.0,0.0,0.0,0.0,0.0,0.0,0.0,0.0,0.0,0.0
2022-12-31,2040799.369,1659109.663,0.81297049,0.8323203914198073,0.5430544219057827,1.5326647898361296,0.1917790445965196,7.602677064,0.39858418805995444,38.02059404,7.928571429,0.0,39.62,0.0,12782017.395,1,0.0,0.0,0.0,0.0,0.0,0.0,0.0,0.0,0.0,0.0,0.0,0.0,0.0
2023-01-07,2550419.233,1906799.899,0.74764175,0.7945658050070726,0.5233442638289098,1.518246897737719,0.26444884984914946,9.133580895,0.41158028063410257,38.95234096,8.58,0.0,29.9,0.0,15679356.479,0,0.0,0.0,0.0,0.0,0.0,0.0,0.0,0.0,0.0,0.0,0.0,0.0,0.0
2023-01-14,2645894.222,1922553.406,0.726617636,0.7759659808657744,0.5191813829833213,1.494595157489887,0.28877649652314785,10.41215323,0.4087142860463032,39.28579263,7.484285714,0.0,49.82,0.0,16068738.721,0,0.0,0.0,0.0,0.0,0.0,0.0,0.0,0.0,0.0,0.0,0.0,0.0,0.0
2023-01-21,2579259.933,1913898.399,0.742033935,0.7891663880015336,0.5230642427293742,1.5087370222128464,0.30944575759437426,11.95860158,0.3842346742230288,39.49881149,1.151428571,0.0,12.46,0.0,15400970.566,0,0.0,0.0,0.0,0.0,0.0,0.0,0.0,0.0,0.0,0.0,0.0,0.0,0.0
2023-01-28,2641219.052,2024453.115,0.766484368,0.8086471535334911,0.5327068684883001,1.5179964843108675,0.2753870638821971,12.09325647,0.3781118528612094,39.47644997,2.962857143,0.0,5.0,0.0,15481399.072999999,0,0.0,0.0,0.0,0.0,0.0,0.0,0.0,0.0,0.0,0.0,0.0,0.0,0.0
2023-02-04,2722251.176,2146579.816,0.788531137,0.8285658564318412,0.5350895181224155,1.5484621327272674,0.22388972137227942,8.70938774,0.3472728693781396,39.27282849,7.345714286,0.0,8.48,0.0,15975308.21,0,0.0,0.0,0.0,0.0,0.0,0.0,0.0,0.0,0.0,0.0,0.0,0.0,0.0
2023-02-11,2557908.575,2169834.372,0.848284569,0.877206610002284,0.5370545854265056,1.6333658324612277,0.21367568107863275,8.545086102,0.2753738734386132,38.68645583,4.022857143,0.0,2.12,0.0,16123308.743,0,0.0,0.0,0.0,0.0,0.0,0.0,0.0,0.0,0.0,0.0,0.0,0.0,0.0
2023-02-18,2474958.162,2220552.998,0.897208297,0.9320207973641512,0.5412770771287233,1.721892237351303,0.23192998948965668,9.515725675,0.3554387416043011,38.39337332,7.611428571,0.0,9.24,0.0,16709877.628,0,0.0,0.0,0.0,0.0,0.0,0.0,0.0,0.0,0.0,0.0,0.0,0.0,0.0
2023-02-25,2471391.762,2173084.872,0.879295992,0.9332089180723706,0.533761590618259,1.7483628167988436,0.2943232750000564,11.61551159,0.4271844517900921,38.5617999,6.525714286,0.0,5.56,0.0,16990016.524,0,0.0,0.0,0.0,0.0,0.0,0.0,0.0,0.0,0.0,0.0,0.0,0.0,0.0
2023-03-04,2467607.889,2126379.332,0.861716864,0.9169144293941985,0.5290619530860016,1.7330946291750253,0.3390306270819351,13.94589762,0.3673367422265692,38.62828834,4.585714286,0.0,1.46,0.0,16776681.928000001,0,0.0,0.0,0.0,0.0,0.0,0.0,0.0,0.0,0.0,0.0,0.0,0.0,0.0
2023-03-11,2402232.138,2076242.691,0.864297275,0.9150392353088023,0.525371822021998,1.741698349536699,0.33732809584949447,15.03601798,0.40041695718670745,38.69630435,2.957142857,0.0,26.36,0.0,16046497.857,0,0.0,0.0,0.0,0.0,44199.96498,0.0,0.0,0.0,0.0,0.0,44199.96498,0.0,0.0
2023-03-18,2523014.636,2284288.151,0.90538046,0.9529927073012965,0.5390279788027419,1.7679837499679132,0.23398167976382678,10.75505961,0.3783557865016267,38.24956517,8.02,0.0,30.46,0.0,16550920.807,0,0.0,0.0,0.0,0.0,44199.96498,0.0,0.0,0.0,0.0,0.0,44199.96498,0.0,0.0
2023-03-25,2527627.321,2341375.596,0.926313613,0.9593912469187363,0.5447746430001812,1.7610791163758648,0.21276951421273232,9.970204413,0.2449644841700781,38.08038463,9.342857143,0.0,36.12,0.0,16955673.835,0,0.0,0.0,0.0,0.0,44199.96498,0.0,0.0,0.0,0.0,0.0,44199.96498,0.0,0.0
2023-04-01,2472424.795,2351053.937,0.950910192,0.9798436992436094,0.5432191868413385,1.8037722580108322,0.14269801844468236,5.180411036,0.27589951790504663,37.92152189,8.391428571,0.0,27.86,0.0,16840714.453,0,0.0,0.0,0.0,0.0,44199.96498,0.0,0.0,0.0,0.0,0.0,44199.96498,0.0,0.0
2023-04-08,2732249.272,2625199.151,0.960819783,0.997476278754385,0.5539690742510661,1.800599212334939,0.20720878929380498,7.373710987,0.3365844761477834,38.17314448,7.265714286,0.0,7.96,0.0,18123929.359,0,0.0,0.0,0.0,0.0,44199.96498,0.0,0.0,0.0,0.0,0.0,44199.96498,0.0,0.0
2023-04-15,2708713.634,2405852.207,0.888189943,0.9623578962380416,0.5584980870546871,1.723117623039968,0.49321933047131405,21.2775166,0.4624956484255296,39.49765423,8.002857143,0.0,31.28,0.0,16220616.754,0,176266.4624,0.0,0.0,0.0,44199.96498,0.0,0.0,0.0,176266.4624,0.0,44199.96498,0.0,0.0
2023-04-22,3127097.635,2638131.324,0.843635739,0.9539522784719008,0.5745829679706619,1.660251576619322,0.48320031107695177,20.60479434,0.5254450477070332,40.39739992,9.191428571,0.0,5.54,0.0,16975111.984,0,176266.4624,0.0,0.0,0.0,44199.96498,0.0,3357.462821,0.0,176266.4624,0.0,44199.96498,0.0,3357.462821
2023-04-29,3153219.268,2714060.726,0.860726926,0.958025921500956,0.576719393689113,1.6611647397059628,0.4594763233572883,20.38828907,0.502025051417647,40.40860271,8.705714286,0.0,14.96,0.0,17642285.404,0,176266.4624,0.0,0.0,0.0,44199.96498,0.0,3357.462821,0.0,176266.4624,0.0,44199.96498,0.0,3357.462821
2023-05-06,3013276.527,2751177.407,0.913018563,0.9754355590861304,0.5702026413321076,1.7106822879797918,0.4006884251018493,16.07652767,0.43608073247263135,40.02433415,11.61142857,0.0,8.04,0.0,18501535.522,0,0.0,0.0,0.0,0.0,44199.96498,0.0,3357.462821,0.0,0.0,0.0,44199.96498,0.0,3357.462821
2023-05-13,2821128.201,2691584.738,0.954080973,0.9971642841949697,0.5731354911536966,1.7398404035103843,0.26213897008929304,10.24088242,0.3888097932708986,39.5321483,12.28,0.0,26.2,0.0,18421024.700999998,0,0.0,0.0,0.0,0.0,44199.96498,0.0,0.0,0.0,0.0,0.0,44199.96498,0.0,0.0
2023-05-20,3044415.892,2974057.417,0.976889335,1.025734163374521,0.5859786549763271,1.7504633567513812,0.2679930731356201,10.13915154,0.4354934663626091,40.01936726,11.98095238,0.0,2.02,0.0,19481447.905,0,0.0,0.0,0.0,0.0,44199.96498,0.0,0.0,0.0,0.0,0.0,44199.96498,0.0,0.0
2023-05-27,3551659.044,3427553.231,0.965056946,1.0282149666834473,0.5940648132049873,1.7308127729973004,0.3540995820318387,11.76625076,0.233130460507336,40.83945806,13.26285714,0.8599999999999994,0.0,0.0,21025774.503,0,0.0,0.0,0.0,0.0,44199.96498,0.0,0.0,0.0,0.0,0.0,44199.96498,0.0,0.0
2023-06-03,3488548.08,3330036.841,0.954562404,1.0360646371091389,0.5865356180676993,1.7664138463106156,0.36813390629834747,11.91644859,0.3053848956682511,40.43965121,13.25142857,1.5399999999999991,0.0,0.0,20890329.916,0,0.0,0.0,0.0,0.0,44199.96498,0.0,0.0,0.0,0.0,0.0,44199.96498,0.0,0.0
2023-06-10,3802619.0,3620677.441,0.952153619,1.049057496979909,0.5946649531400393,1.7641152239433613,0.42507522473326936,14.98605169,0.36806511663230956,40.93955514,14.88285714,8.52,1.54,0.0,22153656.298,0,0.0,0.0,0.0,0.0,0.0,0.0,0.0,0.0,0.0,0.0,0.0,0.0,0.0
2023-06-17,4783990.879,4597445.641,0.961006356,1.0639112653078304,0.6079938377947163,1.7498717900937848,0.4079613570266592,17.92424966,0.4692841175653596,41.52671844,19.18285714,9.3,10.64,0.0,27925418.548,0,0.0,0.0,0.0,0.0,0.0,0.0,0.0,0.0,0.0,0.0,0.0,0.0,0.0
2023-06-24,4201939.596,4073217.347,0.969365993,1.041560799301562,0.6025922116126721,1.7284670781159144,0.3255864487681703,13.48925358,0.34413591846190794,41.07747102,18.37142857,5.52,23.22,0.0,24502689.562,0,0.0,0.0,0.0,0.0,0.0,0.0,0.0,0.0,0.0,0.0,0.0,0.0,0.0
2023-07-01,3815183.805,3757994.633,0.985010113,1.0509464752303919,0.5885502412124516,1.7856529513357673,0.29698175524730713,12.59898764,0.3136526949749071,40.82563421,17.17142857,5.640000000000001,15.88,4114.4,22849183.022,0,0.0,0.0,0.0,0.0,0.0,0.0,0.0,0.0,0.0,0.0,0.0,0.0,0.0
2023-07-08,3337166.336,3530698.601,1.057992993,1.086735737868446,0.5962038277239943,1.8227587401058045,0.1781504970209552,8.470601925,0.385209813463521,39.99923384,16.18285714,6.84,27.16,4114.4,21565697.266999997,0,0.0,0.0,0.0,0.0,0.0,0.0,0.0,0.0,0.0,0.0,0.0,0.0,0.0
2023-07-15,3076937.94,3293226.451,1.070293427,1.0943425535049118,0.5874045439978294,1.8630134286277427,0.16608000475303705,6.277984845,0.30436091463148685,39.28632543,16.58285714,2.5199999999999996,29.76,4114.4,21007959.397,0,0.0,0.0,0.0,0.0,0.0,0.0,0.0,0.0,0.0,0.0,0.0,0.0,0.0
2023-07-22,3109727.505,3271302.447,1.05195791,1.1021700742005756,0.5832412771249681,1.8897326328369919,0.24713188427742966,8.23375208,0.46013204864813295,39.52984699,15.50857143,1.7600000000000016,17.72,4114.4,20679432.829,0,0.0,0.0,0.0,0.0,0.0,0.0,0.0,0.0,0.0,0.0,0.0,0.0,0.0
2023-07-29,3156557.585,3347468.005,1.060480576,1.128255261442331,0.5842051987676319,1.931265356457561,0.26791558656136477,7.037589155,0.46159494951218594,39.65686266,16.24285714,2.6799999999999997,28.3,4114.4,20550907.122,0,0.0,0.0,0.0,0.0,0.0,0.0,0.0,0.0,0.0,0.0,0.0,0.0,0.0
2023-08-05,3085995.219,3193902.48,1.034966762,1.1113345704391844,0.5698028195953915,1.9503844702424016,0.3585122080514798,13.61443624,0.5304202011876875,40.05372172,15.7,1.3000000000000007,31.6,127220.0,19814708.783,0,0.0,0.0,0.0,0.0,0.0,0.0,0.0,0.0,0.0,0.0,0.0,0.0,0.0
2023-08-12,3417545.815,3584080.534,1.04872933,1.130583311955348,0.5846395262568742,1.9338126506667312,0.3326990462013748,15.58696114,0.5387311005873077,40.15027701,16.36285714,4.84,13.34,127220.0,21431581.553,0,0.0,0.0,0.0,0.0,0.0,0.0,0.0,0.0,0.0,0.0,0.0,0.0,0.0
2023-08-19,3378690.687,3508797.795,1.038508144,1.1280115677589575,0.5813920320866927,1.9401909649679498,0.2867775408764431,12.59563707,0.5470435227760166,41.06175201,17.36,3.66,23.16,127220.0,21599129.363,0,0.0,0.0,0.0,0.0,0.0,0.0,0.0,0.0,0.0,0.0,0.0,0.0,0.0
2023-08-26,3565309.408,3688636.16,1.034590757,1.1496262642674615,0.5794789296925617,1.9838965756311233,0.38093281832778314,16.11813023,0.5500173238216426,41.59708299,16.65142857,3.379999999999999,10.36,127220.0,22176639.5,0,0.0,0.0,0.0,0.0,0.0,0.0,0.0,0.0,0.0,0.0,0.0,0.0,0.0
2023-09-02,3129528.47,3311199.372,1.058050567,1.1394800169427024,0.573686734217636,1.9862408331555124,0.35839115788583953,15.27899931,0.5207189745500718,41.10868762,14.88,3.219999999999999,7.6,0.0,20237980.06,0,0.0,0.0,0.0,0.0,0.0,0.0,0.0,0.0,0.0,0.0,0.0,0.0,0.0
2023-09-09,4518454.365,4773055.72,1.056347002,1.1395223689528513,0.6046525198050624,1.8845904575411823,0.23587672197282442,8.699685523,0.5301539323953783,41.92935955,20.23142857,9.64,2.78,0.0,27399174.266999997,0,0.0,0.0,0.0,0.0,0.0,0.0,0.0,0.0,0.0,0.0,0.0,0.0,0.0
2023-09-16,3506386.974,3656841.044,1.042908575,1.112328395754641,0.5832610331958092,1.9070850484558535,0.22922491785985058,8.399699316,0.5035700175348183,40.3870013,16.67142857,5.460000000000001,20.18,0.0,23214111.337,0,0.0,0.0,0.0,0.0,0.0,0.0,0.0,0.0,0.0,0.0,0.0,0.0,0.0
2023-09-23,2778862.171,3012529.383,1.08408737,1.119027629511767,0.5700262929970873,1.9631158128305581,0.154474766643617,6.096412175,0.4495839336257218,39.01275927,13.96571429,0.46000000000000085,54.52,0.0,20124703.96,0,0.0,0.0,0.0,8393.657054,0.0,0.0,0.0,0.0,0.0,8393.657054,0.0,0.0,0.0
2023-09-30,2884832.646,3039902.261,1.053753418,1.1047844196769325,0.5756224271667593,1.9192866148644234,0.18795369206314785,7.678692058,0.5123329896727279,39.65900171,15.32571429,0.9200000000000017,24.46,0.0,20158034.82,0,0.0,0.0,0.0,8393.657054,0.0,0.0,0.0,0.0,0.0,8393.657054,0.0,0.0,0.0
2023-10-07,3009062.478,3012034.585,1.000987719,1.089026584991031,0.575903368164249,1.8909883935258354,0.2683067505586037,11.22356888,0.5221071503922137,40.55399089,15.12285714,2.539999999999999,17.3,77.5,19781005.456,0,0.0,0.0,0.0,8393.657054,0.0,0.0,0.0,0.0,0.0,8393.657054,0.0,0.0,0.0
2023-10-14,3043207.491,2973465.341,0.977082683,1.0817534591568758,0.569630518438551,1.8990440717996226,0.3057869178661272,14.64834085,0.5467615501020572,40.98075454,13.89428571,2.8000000000000007,24.3,77.5,19848892.467,0,0.0,0.0,0.0,8393.657054,0.0,0.0,0.0,0.0,0.0,8393.657054,0.0,0.0,0.0
2023-10-21,2761169.889,2674906.228,0.968758293,1.078287413916704,0.561400130934135,1.9207110125223887,0.3368919353009792,15.50227943,0.5398036566173511,40.46387769,10.47714286,0.0,40.04,77.5,18369733.243,0,0.0,0.0,0.0,8393.657054,0.0,0.0,0.0,0.0,0.0,8393.657054,0.0,0.0,0.0
2023-10-28,2616964.494,2599698.997,0.993402472,1.0673251733389915,0.5669557278880004,1.8825547054881095,0.3276511236074875,15.87339156,0.4963693694974123,40.05449556,10.02,0.0,27.98,77.5,18372157.175,0,0.0,0.0,0.0,8393.657054,0.0,0.0,0.0,0.0,0.0,8393.657054,0.0,0.0,0.0
2023-11-04,2478923.247,2414737.495,0.974107407,1.0167946279138698,0.5538059777310576,1.836012374008089,0.20416067303111624,10.66404157,0.43641454993157014,40.47123004,9.56,0.0,60.22,0.0,18481232.947,0,0.0,0.0,0.0,0.0,0.0,0.0,0.0,0.0,0.0,0.0,0.0,0.0,0.0
2023-11-11,2469939.978,2358142.396,0.954736721,1.0087868917446106,0.5561132626910573,1.813995384434899,0.20707797790865992,7.781573582,0.45131175223465414,40.81587694,7.451428571,0.0,24.56,0.0,18237499.244999997,0,0.0,0.0,0.0,0.0,0.0,0.0,0.0,0.0,0.0,0.0,0.0,0.0,0.0
2023-11-18,2474695.468,2325831.923,0.939845712,1.0068275165953575,0.5536396223464966,1.8185611649832973,0.28980327776637765,11.0137929,0.45886746635375764,40.78269913,8.585714286,0.0,53.48,0.0,18111008.965,0,0.0,0.0,0.0,0.0,0.0,0.0,0.0,0.0,0.0,0.0,0.0,0.0,0.0
2023-11-25,2585968.552,2355347.041,0.91081813,1.0094595206638273,0.5609296812816069,1.7996186587192597,0.445885321036959,19.89954559,0.5095353762433028,40.9288783,7.997142857,0.0,6.44,0.0,17898195.475,0,0.0,0.0,0.0,0.0,0.0,0.0,0.0,0.0,0.0,0.0,0.0,0.0,0.0
2023-12-02,2529334.135,2279013.396,0.90103295,1.0106067391533764,0.5557409390447281,1.818485319599676,0.3948583589174548,16.00908304,0.5334584930682482,40.64133383,2.057142857,0.0,13.38,0.0,17244609.351,0,0.0,0.0,0.0,0.0,0.0,0.0,0.0,0.0,0.0,0.0,0.0,0.0,0.0
2023-12-09,2503029.479,2291580.761,0.915522882,1.0163547286960517,0.5651186507011864,1.798480243812484,0.3596927699228268,14.71645593,0.5291205024312697,40.3516547,5.462857143,0.0,53.78,0.0,17217301.683,0,0.0,0.0,0.0,0.0,0.0,0.0,0.0,0.0,0.0,0.0,0.0,0.0,0.0
2023-12-16,2432235.583,2409566.37,0.990679681,1.0407835183015166,0.5709980748756998,1.8227443560612426,0.20894288935332953,8.760306515,0.4819334477164594,40.19271285,7.594285714,0.0,22.6,0.0,17758558.998,0,0.0,0.0,0.0,0.0,0.0,0.0,0.0,0.0,0.0,0.0,0.0,0.0,0.0
2023-12-23,2526868.173,2504634.552,0.991201115,1.0102380189155127,0.5694197436804933,1.7741534783914459,0.08456690902331454,3.223880565,0.31787153809578494,40.06963702,9.82,0.0,20.42,0.0,18698462.912,0,0.0,0.0,0.0,0.0,0.0,0.0,0.0,0.0,0.0,0.0,0.0,0.0,0.0
2023-12-30,1952065.293,1968204.386,1.008267702,1.0262933038100328,0.5797226046636953,1.7703178995502495,0.13531553060607587,5.158665599,0.42337708255228035,39.21812183,8.942857143,0.0,37.9,0.0,13794640.128,1,0.0,0.0,0.0,0.0,0.0,0.0,0.0,0.0,0.0,0.0,0.0,0.0,0.0
2024-01-06,2384247.24,2181583.745,0.91499896,0.9912398518132408,0.5488846441057956,1.8059165299260636,0.3472143642703766,14.08055203,0.5069283270785145,40.3026583,6.794285714,0.0,40.58,741.5,17293536.696999997,0,0.0,0.0,0.0,0.0,0.0,0.0,0.0,4.56,0.0,0.0,0.0,0.0,4.56
2024-01-13,2492562.522,2132755.653,0.855647806,0.9649301871736727,0.5330478983714614,1.810212909799803,0.4181575923574767,15.8534422,0.5195094317050816,40.74878753,2.517142857,0.0,1.84,741.5,18258440.009,0,0.0,0.0,0.0,0.0,0.0,0.0,0.0,171.21,0.0,0.0,0.0,0.0,171.21
2024-01-20,2394380.208,2101339.506,0.877613129,0.9786740965383208,0.5319548440484667,1.839769122300075,0.4084794460095203,15.46761297,0.5310689946497116,40.40404183,0.445714286,0.0,12.12,741.5,18135317.263,0,0.0,0.0,0.0,0.0,0.0,0.0,0.0,194.34,0.0,0.0,0.0,0.0,194.34
2024-01-27,2499733.478,2234622.161,0.893944167,1.0049373406458713,0.5471155399387354,1.8367918059106885,0.4478114398402276,19.13089065,0.5531475806129456,40.36012868,8.088571429,0.0,38.0,741.5,18372932.501000002,0,0.0,0.0,0.0,0.0,0.0,0.0,0.0,216.88,0.0,0.0,0.0,0.0,216.88
2024-02-03,2412043.16,2241248.068,0.929190698,1.0171260917339118,0.5560917160006942,1.8290617581015036,0.43432069018201147,19.54996379,0.5131047015461313,40.11218335,7.942857143,0.0,9.0,0.0,18582902.712,0,0.0,0.0,0.0,0.0,0.0,0.0,0.0,204.58,0.0,0.0,0.0,0.0,204.58
2024-02-10,2332598.119,2272986.391,0.974444064,1.0324989155180702,0.5581130023538489,1.8499818337209355,0.24256662109569332,9.484406708,0.4085011530558731,40.48258199,7.931428571,0.0,37.34,0.0,18626832.35,0,0.0,0.0,0.0,0.0,0.0,0.0,0.0,193.46,0.0,0.0,0.0,0.0,193.46
2024-02-17,2405734.298,2413246.727,1.003122718,1.0592592393874845,0.5696837865963579,1.8593810536826967,0.21743271234685618,10.1078125,0.43527821636382347,40.10824246,8.817142857,0.0,23.84,0.0,18634400.974,0,0.0,0.0,0.0,0.0,0.0,0.0,0.0,190.74,0.0,0.0,0.0,0.0,190.74
2024-02-24,2370476.16,2299915.913,0.970233724,1.0318688144792907,0.5618274048604258,1.836629551268751,0.2686146343273075,11.90837761,0.44080579536539477,40.46670284,7.442857143,0.0,37.16,0.0,18668725.187,0,0.0,0.0,0.0,0.0,0.0,0.0,0.0,189.0,0.0,0.0,0.0,0.0,189.0
2024-03-02,2494831.41,2305676.936,0.924181461,1.0193783149786804,0.556600025054922,1.8314377813369558,0.4247051980157649,20.19555705,0.4816036517207529,41.34874867,5.494285714,0.0,27.16,0.0,18508807.441,0,0.0,0.0,0.0,0.0,0.0,0.0,0.0,201.52,0.0,0.0,0.0,0.0,201.52
2024-03-09,2607933.154,2411019.693,0.924494437,1.022113557068308,0.5638219177269407,1.8128304787954665,0.37620754500366305,16.49665108,0.5060723023300425,41.51829641,5.774285714,0.0,11.32,0.0,18540550.838,0,0.0,0.0,0.0,0.0,0.0,0.0,0.0,200.36,0.0,0.0,0.0,0.0,200.36
2024-03-16,2609112.618,2419885.988,0.927474717,1.0226993670897704,0.5625323731586832,1.8180275765236358,0.3556860305675008,14.27055193,0.5008639846403735,42.0105386,8.96,0.0,43.0,0.0,18548735.91,0,0.0,0.0,0.0,0.0,0.0,0.0,0.0,205.37,0.0,0.0,0.0,0.0,205.37
2024-03-23,2671958.166,2510970.34,0.939749122,1.0302845768090654,0.5671067277926497,1.8167384132775914,0.3672590384785238,13.47779484,0.48241396600191455,41.51126825,9.462857143,0.0,13.9,0.0,19153077.287,0,0.0,0.0,0.0,0.0,0.0,0.0,0.0,209.2,0.0,0.0,0.0,0.0,209.2
2024-03-30,2570296.466,2554974.142,0.994038694,1.0494606398337611,0.5547004386676979,1.8919412473413548,0.3172406332445232,12.79401354,0.455438449706387,40.64225576,7.42,0.0,24.56,0.0,20227966.519,0,0.0,0.0,0.0,0.0,0.0,0.0,0.0,262.49,0.0,0.0,0.0,0.0,262.49
2024-04-06,2420027.849,2468924.338,1.020204928,1.0671141376236142,0.5606867201185487,1.9032270594851775,0.25693985416611625,10.58906219,0.42811528637506513,40.31026798,10.38,0.0,31.06,0.0,19035343.623999998,0,0.0,0.0,0.0,0.0,0.0,0.0,0.0,211.8,0.0,0.0,0.0,0.0,211.8
2024-04-13,2598188.632,2664808.074,1.025640726,1.0760618594971445,0.5662287532344205,1.9004013013299796,0.2423874088830976,9.639667827,0.3673716812915192,40.41650358,11.24285714,0.0,21.48,0.0,20195959.796,0,0.0,28297.79641,0.0,0.0,0.0,39233.88,0.0,189.08,28297.79641,0.0,0.0,39233.88,189.08
2024-04-20,2641684.036,2633875.244,0.99704401,1.0655201823169498,0.559675169694451,1.9038189292883223,0.27999469240839975,11.93585508,0.42659577721798636,41.02728904,8.071428571,0.0,14.08,0.0,20281535.48,0,0.0,53873.69948,0.0,0.0,0.0,39233.88,0.0,337.99,53873.69948,0.0,0.0,39233.88,337.99
2024-04-27,2750363.661,2601688.453,0.945943436,1.0590564090957073,0.557522401679502,1.8995764222305058,0.4455604643767143,21.3472832,0.5258489220335568,42.01277822,7.185714286,0.0,7.5,0.0,20302096.132,0,0.0,42122.60794,0.0,0.0,0.0,0.0,0.0,401.12,42122.60794,0.0,0.0,0.0,401.12
2024-05-04,3145960.505,2904236.635,0.92316373,1.0871550637240186,0.5645025937889977,1.9258637173425996,0.5493670630172136,24.05863702,0.5363051621420114,42.96175921,10.77333333,0.0,27.34,5291.25,21698815.987999998,0,0.0,40228.5661,0.0,0.0,0.0,0.0,0.0,317.39,40228.5661,0.0,0.0,0.0,317.39
2024-05-11,3612892.689,3533073.313,0.977907073,1.146967318850963,0.5840707337266702,1.9637472871354547,0.5133537001104104,23.44406595,0.57714340153486,42.50918392,13.42,2.879999999999999,4.46,5291.25,23593734.089,0,0.0,44346.96874,0.0,0.0,0.0,105841.15,0.0,392.73,44346.96874,0.0,0.0,105841.15,392.73
2024-05-18,3781333.827,3706715.544,0.980266677,1.1675975595005315,0.567024901095295,2.05916452213146,0.48979068702573986,19.96512051,0.585298226208069,42.98270169,14.84571429,3.5799999999999983,20.72,5291.25,24167972.14,0,0.0,43251.54763,0.0,0.0,0.0,0.0,0.0,394.29,43251.54763,0.0,0.0,0.0,394.29
2024-05-25,3820664.337,3801038.661,0.994863282,1.160054022974739,0.5567723768115889,2.083533722735853,0.44759465374620794,18.86156248,0.5580027560396079,43.34048039,13.36571429,0.4200000000000017,24.98,5291.25,24157293.053999998,0,0.0,7878.783689,0.0,0.0,0.0,0.0,0.0,394.91,7878.783689,0.0,0.0,0.0,394.91
2024-06-01,3511375.171,3590392.262,1.022503175,1.1474584980874138,0.5411472407573615,2.120418273742818,0.3843927718539991,18.51288122,0.5278968442841829,45.07901748,13.61142857,0.5399999999999991,19.1,289451.0,23386813.616,0,0.0,0.0,0.0,0.0,0.0,0.0,0.0,329.54,0.0,0.0,0.0,0.0,329.54
2024-06-08,3813372.254,3865014.34,1.013542367,1.1055486436168593,0.5525352486957147,2.000865367823245,0.291904458273745,15.99830173,0.4844677985987187,45.86439055,13.26571429,1.1799999999999997,4.52,289451.0,23418440.815,0,0.0,0.0,0.0,0.0,0.0,0.0,0.0,331.48,0.0,0.0,0.0,0.0,331.48
2024-06-15,3593206.218,3633730.266,1.011277963,1.095825329402728,0.542559258725425,2.019733903310452,0.30446206107505963,16.18151996,0.4971055794992759,45.8922722,11.88285714,0.0,17.12,289451.0,21953796.376,0,0.0,0.0,0.0,0.0,0.0,0.0,0.0,281.35,0.0,0.0,0.0,0.0,281.35
2024-06-22,3942026.122,4242849.927,1.076311977,1.1387729417417205,0.5635428104667504,2.020739011466653,0.3358913576473758,17.99827016,0.4672473872867985,45.37951799,14.80571429,3.120000000000001,5.88,289451.0,24476807.672,0,0.0,0.0,0.0,0.0,0.0,0.0,0.0,286.5,0.0,0.0,0.0,0.0,286.5
2024-06-29,4824465.69,5145587.7,1.066561155,1.1525448570296293,0.5712472194059441,2.0175938155606126,0.30824509667100564,12.81473079,0.4113465867623419,46.24989086,17.42,6.460000000000001,3.04,289451.0,29213921.456,0,0.0,0.0,0.0,0.0,0.0,0.0,0.0,265.92,0.0,0.0,0.0,0.0,265.92
2024-07-06,3680119.456,3911299.763,1.062818697,1.133066712193526,0.5514472633644872,2.054714543835915,0.31801802060851364,15.01912211,0.46261616156630836,45.64989157,14.38285714,0.8399999999999999,18.24,97477.0,23446435.112000003,0,0.0,27693.31422,5985.275988,0.0,0.0,0.0,0.0,139.4,33678.590208,0.0,0.0,0.0,139.4
2024-07-13,3660725.41,3953305.674,1.079924122,1.1545976379460645,0.5562925524544741,2.0755223719097957,0.3093505844241947,13.02556816,0.5202113222876024,45.20871197,14.78571429,1.3999999999999986,23.46,97477.0,22897854.086,0,0.0,38549.18539,7623.964786,21978.89,0.0,0.0,0.0,530.81,46173.150175999996,21978.89,0.0,0.0,530.81
2024-07-20,4496352.71,4837930.537,1.075967756,1.183667827336283,0.5764522016454351,2.0533668254845785,0.3859750288584456,17.76992464,0.5049991978589619,45.98035569,17.46571429,6.84,19.04,97477.0,25680079.011,0,0.0,35624.49782,13049.94099,24347.24,0.0,0.0,0.0,942.84,48674.43880999999,24347.24,0.0,0.0,942.84
2024-07-27,4463880.799,4663147.445,1.044639777,1.1618307327693564,0.5654586336052697,2.0546697206862294,0.32414026049354644,14.01430244,0.5040738028795265,46.8183926,16.76571429,3.3200000000000003,13.08,97477.0,25543131.284,0,0.0,30427.35089,56557.63965,25294.32,0.0,55508.74,0.0,391.75,86984.99054,25294.32,0.0,55508.74,391.75
2024-08-03,5399892.497,5677986.395,1.051499895,1.1731597161881837,0.5829831422000004,2.012339004797012,0.3162773681047969,13.69965606,0.49329102525657664,46.85212859,18.68857143,7.539999999999999,2.52,17316.4,29919982.385,0,0.0,31683.73248,70048.21536,25260.76,0.0,109817.45,0.0,260.51,101731.94784000001,25260.76,0.0,109817.45,260.51
2024-08-10,4336705.428,4413019.242,1.017597186,1.1294206002142324,0.569146016787487,1.9844127287215048,0.32788558287109,15.05967744,0.4869571637970038,46.72935869,17.39428571,4.620000000000001,24.4,17316.4,25223603.659,0,0.0,39844.48073,67961.33443,25331.59,0.0,0.0,0.0,116.26,107805.81516,25331.59,0.0,0.0,116.26
2024-08-17,4576829.08,4849956.041,1.059676024,1.152230569241609,0.5795641075266543,1.9880985628300276,0.3483797192618781,16.63309495,0.4697048305165423,46.09629103,17.26809524,5.859999999999999,16.84,17316.4,26882392.565,0,0.0,38191.76555,29193.04745,25694.1,0.0,0.0,0.0,143.67,67384.813,25694.1,0.0,0.0,143.67
2024-08-24,3752581.124,3948521.623,1.05221486,1.1284638004663927,0.5618598288144345,2.008443641268204,0.3585253537612796,15.05754315,0.40704493513797246,45.45447008,15.90857143,2.0799999999999983,23.6,17316.4,23647000.908,0,0.0,25493.22697,9039.96679,9738.1,0.0,0.0,0.0,89.08,34533.19376,9738.1,0.0,0.0,89.08
2024-08-31,3764944.971,3975025.041,1.055798975,1.1299081600823173,0.5717621701367525,1.9761855874656225,0.3009800785213123,13.84533328,0.47928004966604043,44.97398591,15.99714286,3.84,29.98,17316.4,23654846.732,0,0.0,32491.64521,7654.048072,9974.29,0.0,0.0,0.0,85.4,40145.693282,9974.29,0.0,0.0,85.4
2024-09-07,3560356.713,3742632.881,1.051196041,1.1201047685161982,0.5559378254880226,2.014802226369341,0.29294881667099965,13.1139585,0.464172474870309,44.8912484,16.45142857,5.899999999999999,22.16,13814.75,23841925.895,0,0.0,0.0,7743.534068,10068.81,0.0,0.0,0.0,124.27,7743.534068,10068.81,0.0,0.0,124.27
2024-09-14,3257773.082,3364511.077,1.032764098,1.0967848871015955,0.5510416844719137,1.9903846079315948,0.3996872738602854,16.93378398,0.416154900080526,44.87353542,11.74857143,0.0,30.72,13814.75,22408183.475,0,0.0,0.0,7960.602394,40976.07,0.0,0.0,0.0,159.37,7960.602394,40976.07,0.0,0.0,159.37
2024-09-21,3515145.73,3643955.561,1.036644236,1.1132182952963523,0.565770120933219,1.9676159169737273,0.28580119550263994,10.40279075,0.40378835507431965,44.54347355,15.20571429,3.219999999999999,3.58,13814.75,23417928.025,0,0.0,0.0,8023.387386,49861.97,0.0,0.0,0.0,158.24,8023.387386,49861.97,0.0,0.0,158.24
2024-09-28,3261728.481,3232354.694,0.990994411,1.0768727669675804,0.5508250868656895,1.9550176501495469,0.30747410210322773,11.74768014,0.4172112089274389,44.67932946,12.25428571,0.0,39.6,13814.75,22271902.103,0,0.0,0.0,8068.46548,49271.24,0.0,0.0,0.0,88.75,8068.46548,49271.24,0.0,0.0,88.75
2024-10-05,3107247.959,3146667.093,1.012686189,1.0795351101418151,0.5468926532701992,1.9739433391299503,0.31077561554204886,13.35415733,0.38845573451216997,44.46071492,11.51714286,0.0,22.32,2259.5,22156633.588,0,0.0,0.0,1166.863177,50445.22,0.0,0.0,0.0,6.19,1166.863177,50445.22,0.0,0.0,6.19
2024-10-12,3158835.111,3136738.217,0.993004733,1.0795891661094594,0.544434418596044,1.98295539230132,0.3325436605861508,18.57001568,0.45913321907048765,44.80126383,11.02285714,0.0,26.28,2259.5,22022185.452,0,0.0,0.0,0.0,43465.53,0.0,0.0,0.0,55.47,0.0,43465.53,0.0,0.0,55.47
2024-10-19,3231984.626,3172576.82,0.981618784,1.0955349578187703,0.5468003607194859,2.003537372172274,0.3532044787022449,18.43256259,0.4988473940684385,44.88097742,11.78857143,0.0,43.28,2259.5,21746931.136,0,0.0,0.0,0.0,41084.1,0.0,0.0,0.0,59.78,0.0,41084.1,0.0,0.0,59.78
2024-10-26,3168862.743,3166286.798,0.999187107,1.1015513647716955,0.5510606886215585,1.9989656085378773,0.3196851445326233,16.92736493,0.4952947136375919,44.4149387,12.03142857,0.0,13.18,2259.5,21738585.377,0,0.0,0.0,0.0,5823.87,0.0,0.0,0.0,47.49,0.0,5823.87,0.0,0.0,47.49
2024-11-02,3170537.701,3083601.17,0.972579878,1.0771640644971996,0.5513095390401777,1.9538280915155712,0.31198992296732825,14.24520458,0.4777998259136481,44.31954979,11.58857143,0.0,6.64,2250.0,22071054.253,0,0.0,0.0,0.0,0.0,0.0,0.0,0.0,51.76,0.0,0.0,0.0,0.0,51.76
2024-11-09,2908640.577,2841904.083,0.977055778,1.0449667628894121,0.5382775070516278,1.9413160483207526,0.2813606109229494,14.28713293,0.39261572564756364,44.23803741,9.674285714,0.0,1.48,2250.0,21845178.520999998,0,0.0,20739.71332,0.0,0.0,0.0,0.0,0.0,0.0,20739.71332,0.0,0.0,0.0,0.0
2024-11-16,2780107.415,2756274.894,0.991427482,1.016024317146699,0.5398310342506091,1.8821154262780375,0.14515962308600225,9.553018266,0.17340590493097463,44.0148354,8.131428571,0.0,2.0,2250.0,21652509.015,0,0.0,60303.13493,0.0,0.0,0.0,0.0,0.0,0.0,60303.13493,0.0,0.0,0.0,0.0
2024-11-23,2716782.131,2588418.07,0.952751434,0.990396335410228,0.5252257482240984,1.8856583835788168,0.2371689106931924,13.37223979,0.3235235965180643,44.36665874,5.606666667,0.0,22.02,2250.0,20851630.629,0,0.0,52845.89018,20447.1298,0.0,0.0,0.0,0.0,0.0,73293.01998,0.0,0.0,0.0,0.0
2024-11-30,2935903.808,2838420.489,0.966796147,1.0136418561138731,0.5397539156746081,1.8779703614506977,0.232873991490119,12.31379049,0.358628749317387,44.10033851,7.725714286,0.0,36.42,2250.0,21451383.37,0,0.0,36982.38231,23992.21582,0.0,0.0,0.0,0.0,0.0,60974.59813,0.0,0.0,0.0,0.0
2024-12-07,2850607.427,2784420.574,0.976781491,1.031676871102291,0.5380952640506649,1.9172755086823297,0.287014976299646,16.24380525,0.42293590204856746,43.90759337,7.183333333,0.0,32.62,4678.75,21156296.684,0,0.0,51613.08514,23988.24995,0.0,0.0,0.0,0.0,0.0,75601.33509000001,0.0,0.0,0.0,0.0
2024-12-14,2771931.002,2776621.096,1.001691995,1.0519814032139916,0.5397371354069042,1.949062486539693,0.25223545138588555,13.82834226,0.4316232718817633,43.59360573,5.551428571,0.0,7.22,4678.75,21086199.022,0,0.0,38608.03296,24170.27886,0.0,0.0,0.0,0.0,0.0,62778.311819999995,0.0,0.0,0.0,0.0
2024-12-21,2816968.552,2880528.03,1.022563077,1.0773701883920952,0.5372490954034459,2.0053457467118614,0.22376152745918193,10.96563135,0.4604462196345426,43.00574327,8.274285714,0.0,23.28,4678.75,22185579.494,0,0.0,18908.21347,17589.05758,0.0,0.0,0.0,0.0,0.0,36497.271049999996,0.0,0.0,0.0,0.0
2024-12-28,2213663.94,2329145.256,1.052167501,1.095420076594391,0.5309184246011969,2.0632549669324876,0.22192854241461782,10.57691154,0.49068928265902045,42.55117466,6.691428571,0.0,5.98,4678.75,17866902.837,1,0.0,0.0,0.0,0.0,0.0,0.0,0.0,0.0,0.0,0.0,0.0,0.0,0.0
2025-01-04,2712110.221,2538040.248,0.935817515,1.036149883552123,0.5135145777734754,2.01776138088371,0.41272612054360897,20.50777887,0.5255737709347805,44.64185487,4.708571429,0.0,33.88,0.0,20997568.011,0,0.0,0.0,0.0,0.0,0.0,0.0,0.0,0.0,0.0,0.0,0.0,0.0,0.0
2025-01-11,2917224.368,2462343.348,0.844070609,0.9900799733049312,0.5079226071031302,1.949273293724259,0.4660359507870394,20.58944304,0.5280617964220843,46.14025093,1.362857143,0.0,30.98,0.0,21637593.969,0,0.0,0.0,0.0,0.0,0.0,0.0,0.0,0.0,0.0,0.0,0.0,0.0,0.0
2025-01-18,2993161.902,2575485.738,0.860456541,0.9908607237982888,0.5189979715863791,1.9091803398953662,0.485333132507578,22.0956324,0.5089075020203759,46.20919129,5.008571429,0.0,3.82,0.0,22151950.07,0,0.0,0.0,0.0,0.0,0.0,0.0,0.0,0.0,0.0,0.0,0.0,0.0,0.0
2025-01-25,2969795.035,2509759.016,0.845095027,0.9795489653000337,0.5173584957801144,1.8933659605279924,0.49595240837891696,21.81873516,0.5184082636894969,46.36857934,4.06,0.0,8.34,0.0,21891256.223,0,0.0,0.0,0.0,0.0,0.0,0.0,0.0,0.0,0.0,0.0,0.0,0.0,0.0
