model,metric,geo_granularity,value,evaluation_set
mmm_base,R_Squared,national,0.914,
mmm_base,MAPE,national,0.044,
mmm_base,wMAPE,national,0.045,
mmm_base_ho13,R_Squared,national,0.915,Train
mmm_base_ho13,R_Squared,national,0.653,Test
mmm_base_ho13,R_Squared,national,0.914,All Data
mmm_base_ho13,MAPE,national,0.045,Train
mmm_base_ho13,MAPE,national,0.04,Test
mmm_base_ho13,MAPE,national,0.044,All Data
mmm_base_ho13,wMAPE,national,0.046,Train
mmm_base_ho13,wMAPE,national,0.039,Test
mmm_base_ho13,wMAPE,national,0.045,All Data
