variable,mean,q05,q95,p_positive,expected_sign,sign_ok
temp_avg,0.165,0.058,0.267,0.996,1,True
heat_excess,0.517,0.46,0.575,1.0,1,True
distribution,0.458,0.406,0.511,1.0,1,True
log_rel_price,-0.274,-0.327,-0.221,0.0,-1,True
promo_intensity,0.025,-0.029,0.082,0.765,1,True
comp_media_spend,-0.011,-0.056,0.033,0.336,-1,True
comp_c_promo_share,-0.093,-0.137,-0.051,0.0,-1,True
rainfall,-0.062,-0.103,-0.021,0.008,-1,True
new_year_week,-0.128,-0.168,-0.089,0.0,-1,True
season_sin,0.025,-0.031,0.081,0.76,0,
season_cos,-0.279,-0.373,-0.189,0.0,0,
resid_lag1,0.091,0.054,0.128,1.0,0,
