channel,spend_now,inc_revenue_now,roi_now,mroi_now,spend_opt,inc_revenue_opt,roi_opt,mroi_opt,spend_change_pct,model
tv,170857.143,130775.213,0.765,0.488,143726.708,116815.345,0.813,0.54,-15.879,"base LN(0,0.7)"
digital_video,403726.708,429353.317,1.063,0.465,342360.248,398521.387,1.164,0.539,-15.2,"base LN(0,0.7)"
social,237714.286,273780.878,1.152,0.638,294559.006,307229.701,1.043,0.539,23.913,"base LN(0,0.7)"
partnership,185714.286,193505.928,1.042,0.532,182807.453,191943.224,1.05,0.539,-1.565,"base LN(0,0.7)"
ooh,113043.478,183953.951,1.627,1.006,146956.522,215335.217,1.465,0.847,30.0,"base LN(0,0.7)"
search_rdm,9366.46,11597.867,1.238,0.569,10012.422,11956.299,1.194,0.536,6.897,"base LN(0,0.7)"
tv,170857.143,91182.138,0.534,0.331,119503.106,72279.326,0.605,0.408,-30.057,"wide LN(0,1.5)"
digital_video,403726.708,355581.708,0.881,0.377,326534.161,323470.301,0.991,0.456,-19.12,"wide LN(0,1.5)"
social,237714.286,260540.938,1.096,0.584,309093.168,298130.526,0.965,0.472,30.027,"wide LN(0,1.5)"
partnership,185714.286,180574.243,0.972,0.499,206062.112,190317.553,0.924,0.456,10.957,"wide LN(0,1.5)"
ooh,113043.478,251585.433,2.226,1.371,146956.522,294368.875,2.003,1.156,30.0,"wide LN(0,1.5)"
search_rdm,9366.46,21886.541,2.337,1.051,12273.292,24585.205,2.003,0.815,31.034,"wide LN(0,1.5)"
tv,170857.143,157930.581,0.924,0.595,194111.801,171280.362,0.882,0.55,13.611,"tight LN(0,0.35)"
digital_video,403726.708,431254.309,1.068,0.459,330086.957,394137.75,1.194,0.55,-18.24,"tight LN(0,0.35)"
social,237714.286,253582.364,1.067,0.589,260000.0,266309.107,1.024,0.55,9.375,"tight LN(0,0.35)"
partnership,185714.286,194022.962,1.045,0.538,180869.565,191376.93,1.058,0.55,-2.609,"tight LN(0,0.35)"
ooh,113043.478,132577.514,1.173,0.706,146956.522,154551.154,1.052,0.592,30.0,"tight LN(0,0.35)"
search_rdm,9366.46,10083.495,1.077,0.491,8397.516,9582.199,1.141,0.541,-10.345,"tight LN(0,0.35)"
tv,170857.143,180274.09,1.055,0.691,135329.193,154014.397,1.138,0.787,-20.794,"median 2 LN(0.69,0.7)"
digital_video,403726.708,632397.156,1.566,0.664,335900.621,583230.886,1.736,0.785,-16.8,"median 2 LN(0.69,0.7)"
social,237714.286,418922.117,1.762,0.954,302633.54,475301.916,1.571,0.786,27.31,"median 2 LN(0.69,0.7)"
partnership,185714.286,289325.707,1.558,0.792,187329.193,290604.926,1.551,0.786,0.87,"median 2 LN(0.69,0.7)"
ooh,113043.478,292886.291,2.591,1.6,146956.522,342818.489,2.333,1.349,30.0,"median 2 LN(0.69,0.7)"
search_rdm,9366.46,24018.146,2.564,1.177,12273.292,27045.343,2.204,0.916,31.034,"median 2 LN(0.69,0.7)"
