budget_x,spend,inc_revenue,lo,hi,return_on_change
0.1,112042.236,253799.807,64593.96,597750.969,0.98
0.2,224084.472,439679.01,116295.375,1007789.567,0.895
0.3,336126.708,591432.263,160172.712,1333279.096,0.829
0.4,448168.944,720235.774,197836.658,1605407.761,0.776
0.5,560211.18,831967.329,231279.768,1848527.436,0.732
0.6,672253.416,930732.585,260094.961,2061026.358,0.694
0.7,784295.652,1019498.937,285767.448,2261620.155,0.662
0.8,896337.888,1100510.05,309818.812,2440513.307,0.631
0.85,952359.006,1137940.351,320495.549,2520207.955,0.619
0.9,1008380.124,1174020.255,331072.25,2595107.812,0.607
1.0,1120422.36,1241975.93,350925.73,2751012.136,
1.1,1232464.596,1304562.686,368473.222,2885545.964,0.559
1.15,1288485.714,1334081.803,376064.532,2948879.756,0.548
1.2,1344506.832,1363195.812,383457.878,3012663.983,0.541
1.3,1456549.068,1417818.446,398782.892,3135203.313,0.523
1.4,1568591.304,1468948.932,412655.092,3243526.778,0.506
1.5,1680633.54,1516922.069,426355.165,3351403.246,0.491
