,resid_m_kg
2022-01-01,-0.44374833435482813
2022-01-08,0.16194242261867225
2022-01-15,-0.13269462861848483
2022-01-22,-0.04750875288432511
2022-01-29,-0.27080225172420963
2022-02-05,-0.08074285946762329
2022-02-12,0.037930929122705945
2022-02-19,-0.024289502074970864
2022-02-26,0.012226788998787756
2022-03-05,0.03052843243720429
2022-03-12,0.09637278802243295
2022-03-19,0.19813885223059077
2022-03-26,0.24551741326995938
2022-04-02,0.03718339133498166
2022-04-09,0.30571940664253244
2022-04-16,0.493266010738458
2022-04-23,-0.11157492522202013
2022-04-30,0.008178580046482383
2022-05-07,-0.20575745009908128
2022-05-14,-0.006523752886606846
2022-05-21,-0.141628821176962
2022-05-28,-0.10807714543940174
2022-06-04,0.038729051744968164
2022-06-11,-0.13459319979425566
2022-06-18,-0.3703790630856785
2022-06-25,-0.20790639169321629
2022-07-02,0.1021363213435933
2022-07-09,-0.3819859404432098
2022-07-16,0.5765063831964526
2022-07-23,-0.11638558052578382
2022-07-30,0.03695552712954814
2022-08-06,0.13864785406408273
2022-08-13,0.5901963323656311
2022-08-20,0.11524407463288633
2022-08-27,0.07959386129972432
2022-09-03,-0.39232853565343795
2022-09-10,-0.3078027973851087
2022-09-17,0.05252222722032713
2022-09-24,-0.06362895782935572
2022-10-01,-0.07248257597998158
2022-10-08,0.06969379627673328
2022-10-15,-0.02641503291113395
2022-10-22,0.02352859916775627
2022-10-29,0.009130924424000084
2022-11-05,0.02661219223578181
2022-11-12,-0.03469598416708875
2022-11-19,0.01198533691074932
2022-11-26,-0.056993101760060526
2022-12-03,-0.07458806996217929
2022-12-10,-0.028410936682532542
2022-12-17,0.21863051810377232
2022-12-24,0.1586768584725405
2022-12-31,0.1395462344032526
2023-01-07,-0.04890136747556506
2023-01-14,0.12211368035144732
2023-01-21,0.09002296481965016
2023-01-28,0.07472733881313401
2023-02-04,0.04730000080352836
2023-02-11,0.08129753296040464
2023-02-18,0.038809673118383625
2023-02-25,0.06131754020270007
2023-03-04,0.08759894461468094
2023-03-11,0.023957986534658353
2023-03-18,0.09106287662310898
2023-03-25,0.07581880136667332
2023-04-01,0.035068181534986476
2023-04-08,0.16183013496274362
2023-04-15,-0.1800917820570953
2023-04-22,0.08157467003975157
2023-04-29,0.009919031502747908
2023-05-06,-0.1379788670610995
2023-05-13,-0.10058977199699776
2023-05-20,-0.0483294912508768
2023-05-27,0.17347473159083304
2023-06-03,0.006300603859116789
2023-06-10,-0.5869762285672864
2023-06-17,0.34760826384467725
2023-06-24,0.19646876836743998
2023-07-01,-0.07813224866342172
2023-07-08,-0.45555342334668525
2023-07-15,0.16504557286712526
2023-07-22,0.07125170430125809
2023-07-29,0.008360827464818489
2023-08-05,0.11008540495053912
2023-08-12,-0.08870205271757255
2023-08-19,0.008325849442483857
2023-08-26,0.15074279403272878
2023-09-02,-0.21754730546424772
2023-09-09,0.1859048929869542
2023-09-16,-0.005559534486446529
2023-09-23,0.2089664249114804
2023-09-30,-0.005425198926692828
2023-10-07,-0.15235615269630215
2023-10-14,-0.0564077926360704
2023-10-21,0.22461877057897578
2023-10-28,0.021697745402225292
2023-11-04,-0.02150641780538112
2023-11-11,-0.11223478608647175
2023-11-18,0.002492234944713302
2023-11-25,-0.08484661634579953
2023-12-02,0.11530197749002465
2023-12-09,0.1048272546858606
2023-12-16,-0.04929697766206088
2023-12-23,0.018532665779409
2023-12-30,0.1523933630462594
2024-01-06,-0.06071056686028699
2024-01-13,0.015964387659903614
2024-01-20,0.02525058621750027
2024-01-27,0.0007867585181416944
2024-02-03,-0.15930216744204145
2024-02-10,-0.09796319201913196
2024-02-17,-0.03686119463489251
2024-02-24,-0.1442201492936667
2024-03-02,-0.1166964344271943
2024-03-09,-0.14664424983643926
2024-03-16,-0.18242647768665432
2024-03-23,-0.17442292763854797
2024-03-30,-0.0565177371382094
2024-04-06,-0.1255373685612795
2024-04-13,-0.08349549336697254
2024-04-20,-0.112911580006029
2024-04-27,-0.1335543740534433
2024-05-04,0.13013938312262854
2024-05-11,-0.0011628800979070365
2024-05-18,0.040789680137695745
2024-05-25,0.5162163687839205
2024-06-01,-0.1603818018784742
2024-06-08,0.045233801218912004
2024-06-15,0.04103140579969017
2024-06-22,-0.06283518452903815
2024-06-29,0.2956841020386042
2024-07-06,-0.10427360129975341
2024-07-13,-0.06249613813185179
2024-07-20,-0.09255126564467606
2024-07-27,0.1976757605145648
2024-08-03,0.3975093812586218
2024-08-10,-0.24718763631618024
2024-08-17,0.12775135987231043
2024-08-24,-0.04497377566798823
2024-08-31,-0.20363636811756994
2024-09-07,-0.49952328753494096
2024-09-14,0.1833842065234324
2024-09-21,-0.19477900912056165
2024-09-28,0.18807294045014306
2024-10-05,-0.05384668171479367
2024-10-12,0.06874749882101501
2024-10-19,0.1464381926478492
2024-10-26,0.017029566036142873
2024-11-02,0.06298797967924782
2024-11-09,-0.12127589763402706
2024-11-16,-0.1733897399772373
2024-11-23,-0.12726245646626363
2024-11-30,0.11332675984125958
2024-12-07,-0.009149608812749385
2024-12-14,-0.045196450303182936
2024-12-21,0.18160091022172897
2024-12-28,0.1748182286493357
2025-01-04,-0.0698509475645041
2025-01-11,0.01182653794768313
2025-01-18,-0.051834649928154425
2025-01-25,-0.06448983189897006
