variable,corr_weekly,corr_13w_smoothed
Media_RDM_Impressions,-0.137,-0.382
Comp_Brand_C_Number_of_Stores_Selling,0.051,0.23
Media_RDM_Spends,-0.064,-0.204
Promotion_Avg_PPU,0.004,-0.193
Comp_Brand_C_Promotion_Avg_PPKG,-0.093,-0.184
Comp_Brand_B_ACV_Weighted_Distribution_max,0.117,0.167
weather_rainfall,0.004,-0.161
Comp_Brand_A_Media_Spends,0.034,0.156
rainfall_lag1,-0.066,-0.152
Comp_Brand_B_Promotion_ACV_Weighted_Distribution_wtd,0.075,0.15
Avg_PPU,-0.025,-0.149
Comp_Brand_B_Number_of_Stores_Selling,0.067,-0.146
Base_Avg_PPU,-0.034,-0.145
Comp_Brand_B_Value_Sales,0.093,-0.14
Comp_Brand_C_Avg_PPU,-0.053,-0.138
rainfall_lag2,-0.082,-0.138
Comp_Brand_C_Base_Avg_PPU,-0.052,-0.137
rainfall_lag4,-0.076,-0.136
Comp_Brand_A_Base_Avg_PPKG,-0.054,-0.135
Comp_Brand_B_Volume_Sales,0.107,-0.134
Comp_Brand_B_Promotion_Volume_Sales,0.071,0.133
Comp_Brand_B_Unit_Sales,0.088,-0.133
log_rel_price_lag8,-0.032,-0.124
rainfall_lag8,-0.067,-0.123
Volume_Sales,0.281,0.119
Unit_Sales,0.227,0.112
promo_intensity_lag1,0.022,-0.112
Comp_Brand_B_Promotion_ACV_Weighted_Distribution_max,0.034,0.11
Comp_Brand_B_Promotion_Value_Sales,0.059,0.11
Comp_Brand_C_ACV_Weighted_Distribution_max,0.017,0.109
Comp_Brand_A_Avg_PPKG,-0.048,-0.109
Promotion_Number_of_Stores_Selling,0.107,0.108
promo_intensity_lag8,-0.008,-0.108
promo_intensity_lag2,0.028,-0.108
Comp_Brand_A_Value_Sales,0.095,-0.103
Comp_Brand_C_Volume_Sales,0.081,-0.103
Comp_Brand_C_Value_Sales,0.068,-0.102
promo_intensity_lag4,-0.023,-0.1
log_rel_price_lag4,-0.02,-0.099
Base_Avg_PPKG,-0.004,-0.094
Comp_Brand_A_Promotion_Avg_PPU,-0.077,-0.094
Comp_Brand_A_Base_Avg_PPU,0.0,-0.09
Comp_Brand_B_Media_Spends,-0.039,0.09
distribution_lag8,-0.005,-0.09
Media_OOH_Spends,0.121,-0.089
log_rel_price_lag2,-0.018,-0.089
Comp_Brand_B_Promotion_Avg_PPU,0.146,0.088
weather_min_temp,-0.09,-0.088
Comp_Brand_B_Promotion_Unit_Sales,0.037,0.086
log_rel_price_lag1,-0.008,-0.086
Comp_Brand_A_Avg_PPU,-0.008,-0.085
Avg_PPKG,-0.022,-0.083
Number_of_Stores_Selling,0.138,0.082
Comp_Brand_C_Avg_PPKG,-0.001,-0.082
Comp_Brand_C_Base_Avg_PPKG,0.0,-0.081
Comp_Brand_A_ACV_Weighted_Distribution_wtd,-0.058,-0.081
Comp_Brand_A_Promotion_Number_of_Stores_Selling,-0.022,-0.08
Comp_Brand_B_Promotion_Avg_PPKG,-0.109,-0.079
Media_Online_Partnership_Spends,0.039,0.079
Promotion_ACV_Weighted_Distribution_wtd,0.017,-0.079
Comp_Brand_B_ACV_Weighted_Distribution_wtd,0.077,0.076
Promotion_Unit_Sales,0.134,0.07
Media_VOD_Impressions,-0.054,-0.068
Comp_Brand_A_Unit_Sales,0.095,-0.068
Promotion_Avg_PPKG,-0.059,-0.067
Comp_Brand_A_Number_of_Stores_Selling,-0.056,-0.066
Comp_Brand_B_Avg_PPKG,-0.029,-0.064
Comp_Brand_B_Avg_PPU,0.038,0.064
Media_VOD_Spends,-0.055,-0.063
Comp_Brand_A_ACV_Weighted_Distribution_max,0.035,-0.063
Media_OLV_Spends,0.096,0.062
Comp_Brand_B_Base_Avg_PPU,0.027,0.061
Media_OLV_Impressions,0.087,0.06
temp_avg_lag1,-0.018,-0.06
Comp_Brand_A_Volume_Sales,0.133,-0.06
weather_average_temp,-0.0,-0.059
temp_avg_lag2,-0.046,-0.058
Comp_Brand_C_Promotion_Avg_PPU,-0.033,-0.058
Comp_Brand_C_ACV_Weighted_Distribution_wtd,-0.013,0.055
Comp_Brand_A_Promotion_ACV_Weighted_Distribution_wtd,0.001,-0.055
Media_Social_Spends,0.037,-0.051
Media_Search_Spends,-0.037,-0.049
Comp_Brand_C_Promotion_Value_Sales,0.005,-0.049
temp_avg_lag4,-0.07,-0.048
Comp_Brand_B_Promotion_Number_of_Stores_Selling,0.011,0.047
Comp_Brand_A_Promotion_Volume_Sales,0.003,-0.046
Comp_Brand_C_Unit_Sales,0.117,-0.046
Comp_Brand_A_Promotion_Unit_Sales,0.042,-0.045
Comp_Brand_A_Promotion_Value_Sales,0.017,-0.043
Media_TV_GRPs,-0.017,0.041
Media_TV_Spends,-0.017,0.041
weather_max_temp,-0.006,-0.039
Comp_Brand_A_Promotion_Avg_PPKG,0.059,0.038
Value_Sales,0.188,0.035
Media_Social_Impressions,0.022,-0.035
ACV_Weighted_Distribution_max,0.033,-0.034
distribution_lag4,0.007,-0.027
Promotion_ACV_Weighted_Distribution_max,0.028,-0.026
Media_Search_Impressions,-0.028,-0.023
heat_excess_lag1,0.129,-0.021
Comp_Brand_C_Promotion_Volume_Sales,0.007,-0.016
Promotion_Volume_Sales,0.107,-0.015
Comp_Brand_A_Promotion_ACV_Weighted_Distribution_max,0.044,-0.012
distribution_lag2,0.023,-0.011
heat_excess_lag2,0.088,-0.011
Comp_Brand_C_Promotion_Unit_Sales,0.048,-0.01
ACV_Weighted_Distribution_wtd,0.002,-0.008
Promotion_Value_Sales,0.106,-0.008
distribution_lag1,0.023,-0.008
heat_excess_lag8,0.026,0.007
Comp_Brand_B_Base_Avg_PPKG,0.011,0.006
heat_excess_lag4,0.025,0.003
temp_avg_lag8,-0.004,0.002
