period,driver,pct_points,lo,hi
2022-2023,temp_avg,-0.075,-0.1209,-0.0261
2022-2023,heat_excess,-0.5993,-0.6673,-0.534
2022-2023,distribution,2.4303,2.1563,2.7127
2022-2023,log_rel_price,-8.1596,-9.7413,-6.5691
2022-2023,promo_intensity,0.5716,-0.6611,1.8391
2022-2023,comp_media_spend,-0.0106,-0.0539,0.0325
2022-2023,comp_c_promo_share,-1.9154,-2.8128,-1.0435
2022-2023,rainfall,-0.473,-0.7883,-0.1632
2022-2023,new_year_week,0.3236,0.224,0.4232
2022-2023,season_sin,-0.0002,-0.0007,0.0003
2022-2023,season_cos,0.1567,0.1063,0.2099
2022-2023,resid_lag1,0.2933,0.1743,0.4121
2022-2023,tv,0.2484,0.0909,0.5467
2022-2023,digital_video,0.0,0.0,0.0
2022-2023,social,-0.0788,-0.2171,-0.025
2022-2023,partnership,0.3409,0.1108,0.8648
2022-2023,ooh,0.0,0.0,0.0
2022-2023,search_rdm,0.0006,0.0002,0.0019
2022-2023,unexplained,0.5109,,
2022-2023,total,-6.4358,,
2023-2024,temp_avg,-0.0661,-0.1064,-0.0229
2023-2024,heat_excess,-1.6505,-1.8376,-1.4707
2023-2024,distribution,13.252,11.758,14.7919
2023-2024,log_rel_price,-4.2921,-5.1242,-3.4555
2023-2024,promo_intensity,0.3315,-0.3834,1.0666
2023-2024,comp_media_spend,-0.1282,-0.6523,0.393
2023-2024,comp_c_promo_share,1.6718,0.9108,2.455
2023-2024,rainfall,0.1084,0.0374,0.1806
2023-2024,new_year_week,0.0,0.0,0.0
2023-2024,season_sin,0.0,-0.0001,0.0002
2023-2024,season_cos,0.0,0.0,0.0
2023-2024,resid_lag1,-0.6258,-0.8792,-0.372
2023-2024,tv,-0.2655,-0.5843,-0.0971
2023-2024,digital_video,0.6979,0.2344,1.7349
2023-2024,social,0.2566,0.0828,0.6961
2023-2024,partnership,-0.3644,-0.9243,-0.1184
2023-2024,ooh,0.301,0.0892,0.8539
2023-2024,search_rdm,0.0162,0.0056,0.0486
2023-2024,unexplained,-1.0072,,
2023-2024,total,8.2357,,
