spend_multiplier,channel,mean,ci_lo,ci_hi,spend
0.0,tv,0.0,0.0,0.0,0.0
0.0,digital_video,0.0,0.0,0.0,0.0
0.0,social,0.0,0.0,0.0,0.0
0.0,partnership,0.0,0.0,0.0,0.0
0.0,ooh,0.0,0.0,0.0,0.0
0.0,search_rdm,0.0,0.0,0.0,0.0
0.1,tv,21239.5,6448.5,46144.9,17079.2
0.1,digital_video,103430.3,26660.2,240824.5,40381.2
0.1,social,50781.0,12896.2,121249.7,23757.9
0.1,partnership,38269.6,9409.5,94332.7,18558.5
0.1,ooh,31127.2,7024.1,75538.9,11292.6
0.1,search_rdm,2604.7,619.6,6636.0,938.1
0.2,tv,39023.4,12262.6,82111.3,34158.5
0.2,digital_video,172558.1,46946.9,389948.5,80762.3
0.2,social,90777.6,23879.3,211619.1,47515.7
0.2,partnership,67584.6,17491.0,157705.0,37117.0
0.2,ooh,56594.8,13311.2,133920.3,22585.1
0.2,search_rdm,4447.0,1108.1,10994.4,1876.1
0.3,tv,54550.7,17544.2,113509.5,51237.7
0.3,digital_video,225573.1,62744.2,497841.7,121143.5
0.3,social,124277.9,32716.5,282536.8,71273.6
0.3,partnership,91623.4,24601.6,209700.6,55675.5
0.3,ooh,78545.7,18855.1,185352.6,33877.7
0.3,search_rdm,5893.1,1512.5,14354.5,2814.2
0.4,tv,68413.1,22008.3,140694.3,68316.9
0.4,digital_video,268656.7,76308.0,583180.5,161524.6
0.4,social,153210.1,40813.2,349240.0,95031.5
0.4,partnership,112025.0,30563.8,251222.5,74234.0
0.4,ooh,97964.4,23687.6,229040.0,45170.2
0.4,search_rdm,7084.0,1859.3,16952.7,3752.3
0.5,tv,80970.1,26236.4,162403.9,85396.2
0.5,digital_video,304903.6,87780.4,659249.5,201905.8
0.5,social,178691.4,48439.5,405913.3,118789.3
0.5,partnership,129722.2,36065.3,287944.6,92792.5
0.5,ooh,115433.0,28169.0,269019.3,56462.8
0.5,search_rdm,8094.4,2145.7,19325.6,4690.4
0.6,tv,92464.5,30365.0,185022.9,102475.4
0.6,digital_video,336127.4,97414.2,731816.5,242287.0
0.6,social,201450.6,54855.1,455313.8,142547.2
0.6,partnership,145314.4,40799.7,319742.0,111351.0
0.6,ooh,131336.5,32357.0,305428.9,67755.4
0.6,search_rdm,8969.8,2410.0,21187.9,5628.4
0.7,tv,103071.2,33778.0,204676.3,119554.6
0.7,digital_video,363494.5,105514.2,793391.0,282668.1
0.7,social,221997.9,61182.5,501790.6,166305.1
0.7,partnership,159215.8,44903.1,352253.5,129909.5
0.7,ooh,145947.9,35987.2,340574.7,79047.9
0.7,search_rdm,9740.3,2635.2,23024.3,6566.5
0.8,tv,112921.7,37047.2,225337.8,136633.9
0.8,digital_video,387803.6,112771.3,843289.1,323049.3
0.8,social,240708.0,66767.8,544678.8,190062.9
0.8,partnership,171727.3,48863.5,379043.7,148468.0
0.8,ooh,159469.8,39058.9,371130.0,90340.5
0.8,search_rdm,10426.9,2832.3,24593.9,7504.6
0.9,tv,122118.6,39980.2,243547.7,153713.1
0.9,digital_video,409627.8,119764.9,893629.2,363430.4
0.9,social,257865.8,71702.5,582537.1,213820.8
0.9,partnership,183075.8,51928.9,401604.4,167026.5
0.9,ooh,172057.9,41949.5,400866.6,101633.1
0.9,search_rdm,11045.0,2993.6,25974.4,8442.7
1.0,tv,130743.5,42649.2,260209.6,170792.3
1.0,digital_video,429392.9,125322.3,931956.9,403811.6
1.0,social,273694.0,75998.8,618601.7,237578.6
1.0,partnership,193436.8,55114.2,423697.8,185584.9
1.0,ooh,183834.9,44878.4,429069.7,112925.6
1.0,search_rdm,11606.0,3161.1,27331.3,9380.7
1.1,tv,138863.0,45156.6,276869.0,187871.6
1.1,digital_video,447424.4,130809.0,967878.8,444192.8
1.1,social,288370.0,80166.3,650953.9,261336.5
1.1,partnership,202949.5,57403.3,444298.7,204143.4
1.1,ooh,194900.0,47764.6,455304.3,124218.2
1.1,search_rdm,12119.0,3296.0,28477.8,10318.8
1.2,tv,146532.2,47793.0,294069.5,204950.8
1.2,digital_video,463976.6,135727.0,999049.6,484573.9
1.2,social,302038.2,84028.3,683621.2,285094.4
1.2,partnership,211726.0,59495.3,461266.3,222701.9
1.2,ooh,205334.1,50670.1,479546.7,135510.7
1.2,search_rdm,12591.0,3435.5,29571.2,11256.9
1.3,tv,153797.2,49917.1,309611.9,222030.1
1.3,digital_video,479252.6,140153.0,1033372.0,524955.1
1.3,social,314817.3,87078.9,713349.2,308852.2
1.3,partnership,219858.0,61649.8,477022.8,241260.4
1.3,ooh,215204.9,53326.1,502929.7,146803.3
1.3,search_rdm,13027.5,3539.8,30509.0,12195.0
1.4,tv,160697.2,52203.0,325546.1,239109.3
1.4,digital_video,493416.7,143877.8,1058969.1,565336.2
1.4,social,326806.5,89963.2,740585.3,332610.1
1.4,partnership,227421.8,63832.6,489585.6,259818.9
1.4,ooh,224569.2,55492.6,525404.4,158095.9
1.4,search_rdm,13433.1,3656.9,31532.1,13133.0
1.5,tv,167265.8,54205.4,341158.0,256188.5
1.5,digital_video,506603.8,147273.4,1091363.5,605717.4
1.5,social,338089.4,92976.3,768638.9,356368.0
1.5,partnership,234481.0,66144.3,504136.0,278377.4
1.5,ooh,233475.3,57517.2,545423.6,169388.4
1.5,search_rdm,13811.6,3730.1,32525.1,14071.1
1.6,tv,173532.0,56324.7,353658.7,273267.8
1.6,digital_video,518926.4,150347.3,1115508.5,646098.6
1.6,social,348737.3,95211.3,795126.4,380125.8
1.6,partnership,241089.7,67711.4,517188.8,296935.9
1.6,ooh,241965.0,59745.5,564320.9,180681.0
1.6,search_rdm,14166.2,3819.7,33397.5,15009.2
1.7,tv,179521.2,57986.8,367507.7,290347.0
1.7,digital_video,530478.8,152979.3,1143209.4,686479.7
1.7,social,358811.3,97802.8,817903.7,403883.7
1.7,partnership,247294.1,69623.6,529535.1,315494.4
1.7,ooh,250074.3,61887.4,586044.8,191973.6
1.7,search_rdm,14499.4,3890.4,34228.6,15947.3
1.8,tv,185255.6,59465.9,379940.8,307426.2
1.8,digital_video,541341.1,156039.0,1164409.8,726860.9
1.8,social,368364.3,100312.3,840730.5,427641.6
1.8,partnership,253133.8,71404.3,543277.2,334052.9
1.8,ooh,257834.6,63627.7,604231.8,203266.1
1.8,search_rdm,14813.5,3954.4,35054.7,16885.3
1.9,tv,190754.7,60877.0,392679.1,324505.5
1.9,digital_video,551581.8,158324.2,1185256.9,767242.0
1.9,social,377442.2,102656.2,861844.1,451399.4
1.9,partnership,258643.1,72818.7,554344.6,352611.4
1.9,ooh,265273.7,65167.8,623489.7,214558.7
1.9,search_rdm,15110.4,4038.7,35727.1,17823.4
2.0,tv,196035.9,62353.4,403899.3,341584.7
2.0,digital_video,561260.0,159952.7,1205551.4,807623.2
2.0,social,386085.6,105121.0,882626.1,475157.3
2.0,partnership,263851.9,74204.9,565742.5,371169.9
2.0,ooh,272415.9,67209.6,641036.0,225851.2
2.0,search_rdm,15391.8,4114.7,36546.4,18761.5
2.1,tv,201114.8,63917.2,414627.3,358663.9
2.1,digital_video,570427.0,162856.8,1227894.5,848004.4
2.1,social,394329.8,107599.0,903568.4,498915.2
2.1,partnership,268786.7,74962.9,577446.6,389728.4
2.1,ooh,279282.9,68818.2,655973.3,237143.8
2.1,search_rdm,15659.0,4186.5,37120.5,19699.6
2.2,tv,206005.3,65439.0,425925.2,375743.2
2.2,digital_video,579127.4,165753.9,1246557.7,888385.5
2.2,social,402206.5,109687.1,927238.7,522673.0
2.2,partnership,273470.3,76335.7,588926.1,408286.9
2.2,ooh,285894.3,70518.8,670272.1,248436.4
2.2,search_rdm,15913.5,4253.7,37848.9,20637.6
2.3,tv,210719.9,66704.4,436157.2,392822.4
2.3,digital_video,587400.7,168272.8,1263100.6,928766.7
2.3,social,409743.5,111378.4,939104.7,546430.9
2.3,partnership,277923.5,77419.6,599140.0,426845.4
2.3,ooh,292267.2,71542.5,686620.4,259728.9
2.3,search_rdm,16156.1,4319.7,38575.0,21575.7
2.4,tv,215269.9,67818.4,447754.3,409901.6
2.4,digital_video,595281.6,169644.7,1283313.1,969147.8
2.4,social,416965.9,112659.9,957558.8,570188.8
2.4,partnership,282164.2,78377.8,610352.8,445403.9
2.4,ooh,298417.6,72949.4,703943.7,271021.5
2.4,search_rdm,16388.0,4375.7,39170.3,22513.8
2.5,tv,219665.6,69320.7,457682.2,426980.9
2.5,digital_video,602800.8,170976.1,1302525.2,1009529.0
2.5,social,423896.1,114279.5,974976.7,593946.6
2.5,partnership,286208.7,79285.0,619500.8,463962.4
2.5,ooh,304359.4,74565.7,718612.3,282314.1
2.5,search_rdm,16609.9,4433.0,39797.8,23451.9
2.6,tv,223916.3,70681.7,466589.8,444060.1
2.6,digital_video,609985.8,172819.0,1319458.0,1049910.2
2.6,social,430554.3,115455.9,988567.8,617704.5
2.6,partnership,290071.7,80200.4,627285.9,482520.9
2.6,ooh,310105.5,76103.4,732589.9,293606.6
2.6,search_rdm,16822.6,4484.6,40320.2,24389.9
2.7,tv,228030.4,71893.7,476076.5,461139.3
2.7,digital_video,616861.1,174445.7,1334649.6,1090291.3
2.7,social,436958.7,116959.8,1003661.7,641462.3
2.7,partnership,293766.2,80999.3,637113.2,501079.4
2.7,ooh,315667.7,77199.6,748152.6,304899.2
2.7,search_rdm,17026.8,4531.3,40853.5,25328.0
2.8,tv,232015.9,72785.6,485714.4,478218.6
2.8,digital_video,623448.7,175601.1,1348730.1,1130672.5
2.8,social,443125.8,118402.0,1019613.2,665220.2
2.8,partnership,297303.9,81727.4,645388.8,519637.8
2.8,ooh,321056.6,78283.0,761797.2,316191.7
2.8,search_rdm,17223.2,4568.9,41475.7,26266.1
2.9,tv,235879.7,73834.4,495055.7,495297.8
2.9,digital_video,629768.6,176716.4,1362975.5,1171053.6
2.9,social,449070.6,119777.1,1033804.0,688978.1
2.9,partnership,300695.6,82387.6,652583.1,538196.3
2.9,ooh,326282.0,79445.6,777623.5,327484.3
2.9,search_rdm,17412.1,4606.2,41964.9,27204.2
3.0,tv,239628.6,74703.0,502042.8,512377.0
3.0,digital_video,635838.7,178058.3,1376625.2,1211434.8
3.0,social,454806.9,121407.6,1046267.5,712735.9
3.0,partnership,303950.9,83370.0,660470.0,556754.8
3.0,ooh,331352.8,80602.0,791515.7,338776.9
3.0,search_rdm,17594.3,4647.4,42455.2,28142.2
