time,actual_m_kg,fitted_m_kg,lo_m_kg,hi_m_kg
2022-01-01,2.041,2.4924,2.3203,2.6619
2022-01-08,2.9481,2.7864,2.6802,2.8917
2022-01-15,2.865,2.9993,2.91,3.0865
2022-01-22,2.8952,2.9442,2.8472,3.0421
2022-01-29,2.8025,3.0751,2.9847,3.1637
2022-02-05,2.8438,2.9253,2.844,3.0048
2022-02-12,2.8072,2.7717,2.6848,2.8563
2022-02-19,2.7675,2.7943,2.7019,2.8881
2022-02-26,2.9998,2.9892,2.9101,3.069
2022-03-05,3.2051,3.1771,3.099,3.2535
2022-03-12,3.3185,3.2244,3.1524,3.2936
2022-03-19,3.4561,3.2605,3.1872,3.3309
2022-03-26,3.7597,3.5162,3.4288,3.6006
2022-04-02,3.5435,3.506,3.4121,3.5982
2022-04-09,3.6198,3.3144,3.2367,3.3925
2022-04-16,3.8413,3.3489,3.263,3.4326
2022-04-23,3.4229,3.5359,3.4284,3.6414
2022-04-30,3.4514,3.443,3.3612,3.5258
2022-05-07,3.3972,3.6047,3.5256,3.686
2022-05-14,3.5516,3.5603,3.4828,3.6397
2022-05-21,3.5521,3.6958,3.6261,3.7646
2022-05-28,2.9606,3.0692,2.9955,3.1415
2022-06-04,3.232,3.1893,3.1119,3.264
2022-06-11,3.2789,3.4116,3.3417,3.4796
2022-06-18,4.0065,4.3754,4.2826,4.4681
2022-06-25,3.7347,3.9416,3.8491,4.0343
2022-07-02,3.3378,3.2368,3.1515,3.3215
2022-07-09,3.8546,4.2369,4.1575,4.3154
2022-07-16,4.9455,4.3704,4.2672,4.4729
2022-07-23,4.9201,5.0383,4.8841,5.1982
2022-07-30,3.7336,3.6976,3.6332,3.7611
2022-08-06,4.0071,3.8699,3.8084,3.9309
2022-08-13,5.4199,4.8318,4.7189,4.9421
2022-08-20,3.7051,3.5904,3.471,3.7101
2022-08-27,3.7975,3.7191,3.6455,3.7935
2022-09-03,2.7181,3.1091,3.0152,3.2021
2022-09-10,2.7257,3.0339,2.9419,3.1258
2022-09-17,2.8461,2.7919,2.6929,2.8926
2022-09-24,2.5246,2.5863,2.499,2.6753
2022-10-01,2.4145,2.4846,2.4038,2.5676
2022-10-08,2.3902,2.3184,2.2394,2.3989
2022-10-15,2.2625,2.2865,2.2039,2.3729
2022-10-22,2.3723,2.348,2.27,2.4281
2022-10-29,2.5236,2.5147,2.4227,2.6056
2022-11-05,2.536,2.5092,2.4434,2.5779
2022-11-12,2.566,2.6009,2.5235,2.6792
2022-11-19,2.5564,2.5439,2.4854,2.6052
2022-11-26,2.4748,2.5311,2.4705,2.5945
2022-12-03,2.5425,2.6154,2.5498,2.6817
2022-12-10,2.4887,2.5138,2.4187,2.6103
2022-12-17,2.594,2.3706,2.2492,2.4951
2022-12-24,2.7327,2.5742,2.5001,2.6484
2022-12-31,2.0408,1.9076,1.7466,2.0689
2023-01-07,2.5504,2.5994,2.5296,2.6673
2023-01-14,2.6459,2.5252,2.4493,2.6045
2023-01-21,2.5793,2.4881,2.4035,2.5743
2023-01-28,2.6412,2.5662,2.4947,2.6387
2023-02-04,2.7223,2.6747,2.6105,2.7408
2023-02-11,2.5579,2.4743,2.4065,2.5422
2023-02-18,2.475,2.4359,2.3626,2.5101
2023-02-25,2.4714,2.4102,2.34,2.4807
2023-03-04,2.4676,2.3797,2.298,2.459
2023-03-11,2.4022,2.3777,2.2897,2.4689
2023-03-18,2.523,2.4311,2.3582,2.5068
2023-03-25,2.5276,2.4509,2.3651,2.538
2023-04-01,2.4724,2.435,2.3455,2.5229
2023-04-08,2.7322,2.5677,2.4855,2.6473
2023-04-15,2.7087,2.8915,2.7855,3.0135
2023-04-22,3.1271,3.0472,2.9321,3.1764
2023-04-29,3.1532,3.1438,3.0379,3.267
2023-05-06,3.0133,3.1507,3.0703,3.2383
2023-05-13,2.8211,2.9208,2.8449,3.0004
2023-05-20,3.0444,3.0915,3.0117,3.1753
2023-05-27,3.5517,3.377,3.2965,3.4598
2023-06-03,3.4885,3.4816,3.4028,3.5616
2023-06-10,3.8026,4.3913,4.2995,4.483
2023-06-17,4.784,4.4416,4.313,4.568
2023-06-24,4.2019,4.0094,3.9388,4.0801
2023-07-01,3.8152,3.8969,3.8069,3.9851
2023-07-08,3.3372,3.7954,3.6983,3.8896
2023-07-15,3.0769,2.914,2.7985,3.0335
2023-07-22,3.1097,3.0408,2.9526,3.1306
2023-07-29,3.1566,3.1504,3.0691,3.2312
2023-08-05,3.086,2.976,2.8855,3.0669
2023-08-12,3.4175,3.5076,3.4087,3.6065
2023-08-19,3.3787,3.3717,3.2822,3.4579
2023-08-26,3.5653,3.4162,3.3245,3.5039
2023-09-02,3.1295,3.3513,3.2721,3.4299
2023-09-09,4.5185,4.3369,4.2275,4.4471
2023-09-16,3.5064,3.5155,3.4387,3.5896
2023-09-23,2.7789,2.57,2.4849,2.6556
2023-09-30,2.8848,2.8916,2.8225,2.9614
2023-10-07,3.0091,3.1641,3.1039,3.2233
2023-10-14,3.0432,3.103,3.0389,3.1676
2023-10-21,2.7612,2.5385,2.4675,2.6114
2023-10-28,2.617,2.5968,2.5316,2.6623
2023-11-04,2.4789,2.5015,2.4151,2.5881
2023-11-11,2.4699,2.5812,2.5229,2.6391
2023-11-18,2.4747,2.4734,2.3986,2.5493
2023-11-25,2.586,2.6731,2.5902,2.7562
2023-12-02,2.5293,2.413,2.3182,2.506
2023-12-09,2.503,2.3993,2.3101,2.4884
2023-12-16,2.4322,2.4806,2.4224,2.5393
2023-12-23,2.5269,2.5073,2.4195,2.5933
2023-12-30,1.9521,1.8053,1.6468,1.961
2024-01-06,2.3842,2.4457,2.3796,2.5104
2024-01-13,2.4926,2.4759,2.4039,2.5497
2024-01-20,2.3944,2.3678,2.2773,2.4571
2024-01-27,2.4997,2.5022,2.4142,2.5911
2024-02-03,2.412,2.5728,2.4808,2.6663
2024-02-10,2.3326,2.4298,2.3447,2.5163
2024-02-17,2.4057,2.4429,2.3624,2.5276
2024-02-24,2.3705,2.5152,2.4379,2.591
2024-03-02,2.4948,2.6136,2.5428,2.6854
2024-03-09,2.6079,2.7549,2.6838,2.8264
2024-03-16,2.6091,2.7935,2.7056,2.8835
2024-03-23,2.672,2.8471,2.7679,2.926
2024-03-30,2.5703,2.6264,2.5435,2.7086
2024-04-06,2.42,2.5471,2.4661,2.6253
2024-04-13,2.5982,2.6793,2.582,2.7831
2024-04-20,2.6417,2.7523,2.6582,2.8545
2024-04-27,2.7504,2.8861,2.7911,2.9846
2024-05-04,3.146,3.02,2.925,3.1158
2024-05-11,3.6129,3.6156,3.4913,3.7596
2024-05-18,3.7813,3.743,3.6477,3.8396
2024-05-25,3.8207,3.3063,3.2182,3.3948
2024-06-01,3.5114,3.6652,3.5236,3.8045
2024-06-08,3.8134,3.7632,3.6405,3.8863
2024-06-15,3.5932,3.5476,3.4181,3.6732
2024-06-22,3.942,4.0011,3.8805,4.1218
2024-06-29,4.8245,4.5251,4.3942,4.6588
2024-07-06,3.6801,3.7866,3.6975,3.8752
2024-07-13,3.6607,3.7222,3.6377,3.8004
2024-07-20,4.4964,4.5908,4.4993,4.6811
2024-07-27,4.4639,4.2635,4.1654,4.3717
2024-08-03,5.3999,5.0037,4.8816,5.1457
2024-08-10,4.3367,4.5869,4.4788,4.7004
2024-08-17,4.5768,4.4514,4.3686,4.5402
2024-08-24,3.7526,3.7994,3.7246,3.8754
2024-08-31,3.7649,3.9709,3.9008,4.045
2024-09-07,3.5604,4.0626,3.9872,4.1428
2024-09-14,3.2578,3.0757,2.969,3.1809
2024-09-21,3.5151,3.7112,3.6228,3.8031
2024-09-28,3.2617,3.0755,2.992,3.1598
2024-10-05,3.1072,3.1621,3.0825,3.2431
2024-10-12,3.1588,3.0935,3.0187,3.1673
2024-10-19,3.232,3.0893,3.0103,3.1696
2024-10-26,3.1689,3.1546,3.0704,3.2388
2024-11-02,3.1705,3.1102,3.0225,3.1977
2024-11-09,2.9086,3.0315,2.9491,3.1162
2024-11-16,2.7801,2.9521,2.8578,3.0472
2024-11-23,2.7168,2.8439,2.7614,2.9262
2024-11-30,2.9359,2.8226,2.7439,2.9013
2024-12-07,2.8506,2.8603,2.792,2.9317
2024-12-14,2.7719,2.8153,2.7399,2.8946
2024-12-21,2.817,2.6349,2.552,2.7199
2024-12-28,2.2137,2.043,1.8728,2.2116
2025-01-04,2.7121,2.7838,2.7045,2.864
2025-01-11,2.9172,2.9064,2.8066,3.0068
2025-01-18,2.9932,3.048,2.9634,3.1333
2025-01-25,2.9698,3.0373,2.9591,3.1153
