variable,acf_lag1,durbin_watson,bic,holdout_mape,price_elasticity,t_stat
rel_price_vs_A,0.225,1.516,3994.273,0.041,-1.119,3.029
Media_RDM_Impressions,0.241,1.481,3994.575,0.041,-0.371,-1.887
Comp_Brand_C_Avg_PPU,0.263,1.422,3998.94,0.035,-0.162,-1.969
Comp_Brand_C_Base_Avg_PPU,0.265,1.417,3999.158,0.035,-0.166,-1.938
Comp_Brand_A_Base_Avg_PPKG,0.275,1.4,4001.844,0.039,-0.309,-1.532
fourier_sin3,0.281,1.39,3998.29,0.039,-0.491,-2.422
Base_Avg_PPU,0.283,1.388,4002.475,0.037,-0.24,-1.278
temp_avg_lag4,0.284,1.396,4000.184,0.038,-0.497,-2.032
rel_price_dev13,0.285,1.379,4001.247,0.035,-0.506,1.522
promo_depth_B,0.287,1.377,4000.67,0.035,-0.463,1.821
Media_RDM_Spends,0.288,1.383,4002.202,0.039,-0.437,-1.284
Comp_Brand_B_ACV_Weighted_Distribution_max,0.29,1.372,3999.569,0.043,-0.568,2.131
Comp_Brand_B_Promotion_Avg_PPKG,0.291,1.368,4001.539,0.035,-0.439,-1.594
Comp_Brand_A_ACV_Weighted_Distribution_wtd,0.291,1.375,4002.242,0.042,-0.465,-1.525
rel_dist_vs_A,0.291,1.374,4002.172,0.041,-0.465,1.547
comp_media_B_adstock0.5,0.293,1.369,4003.391,0.039,-0.469,-1.177
pre_christmas,0.293,1.367,4002.655,0.039,-0.488,1.404
Comp_Brand_B_Promotion_Avg_PPU,0.295,1.366,3999.798,0.038,-0.472,2.064
Comp_Brand_B_Media_Spends,0.295,1.365,4003.959,0.04,-0.473,-0.924
Comp_Brand_A_Media_Spends,0.295,1.365,4003.959,0.04,-0.473,0.924
Comp_Brand_A_Avg_PPKG,0.295,1.36,4003.491,0.04,-0.386,-1.087
log_rel_price_lag2,0.296,1.36,4003.938,0.037,-0.332,-0.928
Promotion_Avg_PPKG,0.296,1.364,4003.622,0.038,-0.437,-1.099
Comp_Brand_B_Promotion_ACV_Weighted_Distribution_wtd,0.297,1.359,4003.512,0.044,-0.485,1.003
heat_excess_lag2,0.297,1.359,4002.033,0.039,-0.472,1.614
Comp_Brand_C_Promotion_Avg_PPKG,0.297,1.367,4001.647,0.041,-0.418,-1.614
temp_roll4,0.299,1.366,4001.763,0.039,-0.475,-1.665
promo_depth_C,0.3,1.358,4003.906,0.038,-0.45,0.979
distribution_lag2,0.3,1.355,4004.015,0.04,-0.484,0.918
distribution_lag1,0.3,1.356,4003.841,0.04,-0.479,1.003
Media_OLV_Spends,0.301,1.353,4002.577,0.037,-0.472,1.353
ACV_Weighted_Distribution_max,0.301,1.355,4003.827,0.038,-0.462,0.998
rel_price_dev8,0.301,1.351,4003.921,0.037,-0.491,0.834
comp_media_A_adstock0.5,0.301,1.353,4003.091,0.04,-0.475,1.218
Comp_Brand_C_Promotion_Avg_PPU,0.302,1.351,4004.539,0.041,-0.456,-0.626
log_rel_price_lag4,0.302,1.351,4004.199,0.037,-0.381,-0.768
rel_dist_vs_B,0.302,1.354,4002.534,0.043,-0.541,-1.401
temp_roll8,0.303,1.371,3995.678,0.037,-0.47,-2.778
Comp_Brand_B_ACV_Weighted_Distribution_wtd,0.303,1.353,4001.984,0.044,-0.555,1.553
Media_OLV_Impressions,0.303,1.351,4002.936,0.038,-0.473,1.235
Promotion_ACV_Weighted_Distribution_wtd,0.303,1.347,4004.337,0.041,-0.448,0.735
log_rel_price_lag1,0.303,1.349,4004.552,0.039,-0.328,-0.615
temp_avg_lag1,0.305,1.346,4004.43,0.039,-0.47,-0.704
summer_holidays,0.305,1.342,3998.862,0.039,-0.47,2.296
temp_roll2,0.305,1.346,4004.43,0.039,-0.47,-0.704
heat_x_season_sin,0.305,1.344,4000.449,0.04,-0.471,-1.98
rain_roll4,0.305,1.347,4003.29,0.041,-0.465,-1.173
temp_avg_lag2,0.305,1.351,4002.582,0.039,-0.473,-1.449
Base_Avg_PPKG,0.305,1.343,4004.773,0.038,-0.374,-0.402
promo_intensity_lag4,0.306,1.341,4004.402,0.038,-0.444,-0.69
Comp_Brand_B_Avg_PPKG,0.306,1.34,4004.382,0.038,-0.443,-0.646
temp_x_season_sin,0.306,1.341,4003.825,0.039,-0.469,-1.01
heat_excess_lag1,0.306,1.342,3997.995,0.04,-0.464,2.496
heat_above_18,0.307,1.34,4004.586,0.04,-0.473,-0.591
comp_media_A_adstock0.8,0.307,1.34,4003.977,0.04,-0.472,0.844
distribution_lag4,0.307,1.341,4004.792,0.038,-0.48,0.406
Comp_Brand_B_Base_Avg_PPU,0.307,1.346,4004.205,0.039,-0.525,0.829
Media_Social_Spends,0.307,1.341,4004.044,0.039,-0.469,0.6
rain_roll2,0.307,1.34,4003.862,0.042,-0.466,-0.995
promo_depth_A,0.307,1.344,4003.59,0.038,-0.471,-1.084
Promotion_ACV_Weighted_Distribution_max,0.307,1.338,4004.707,0.04,-0.463,0.482
Comp_Brand_C_ACV_Weighted_Distribution_max,0.308,1.338,4004.942,0.039,-0.468,0.214
Comp_Brand_A_Promotion_Number_of_Stores_Selling,0.308,1.338,4004.871,0.039,-0.468,-0.327
Comp_Brand_B_Promotion_ACV_Weighted_Distribution_max,0.308,1.338,4004.749,0.039,-0.473,0.435
fourier_cos2,0.308,1.338,4004.938,0.039,-0.471,-0.225
fourier_cos3,0.308,1.339,4004.814,0.039,-0.465,0.38
diurnal_range,0.308,1.336,3999.183,0.038,-0.458,2.272
rel_price_vs_C,0.309,1.338,4004.737,0.039,-0.298,-0.44
Media_Social_Impressions,0.309,1.336,4004.531,0.039,-0.469,0.639
Media_TV_GRPs,0.309,1.338,4004.794,0.039,-0.464,0.303
Comp_Brand_B_Avg_PPU,0.309,1.345,4003.732,0.04,-0.532,1.048
Comp_Brand_A_Promotion_ACV_Weighted_Distribution_max,0.309,1.336,4004.443,0.039,-0.474,0.686
Media_TV_Spends,0.309,1.338,4004.794,0.039,-0.464,0.303
rel_price_vs_B,0.309,1.337,4004.938,0.039,-0.421,-0.203
post_promo,0.31,1.334,4004.9,0.04,-0.474,0.276
rain_roll8,0.31,1.337,4004.244,0.038,-0.461,-0.663
promo_intensity_lag1,0.31,1.334,4004.9,0.04,-0.474,0.276
(base + brand C promo),0.31,1.334,3999.915,0.039,-0.47,0.0
Comp_Brand_A_Avg_PPU,0.31,1.333,4004.891,0.039,-0.439,-0.275
Comp_Brand_A_Base_Avg_PPU,0.31,1.334,4004.994,0.04,-0.465,-0.042
Comp_Brand_B_Promotion_Number_of_Stores_Selling,0.31,1.334,4004.996,0.039,-0.471,0.01
Comp_Brand_C_Avg_PPKG,0.31,1.335,4004.993,0.04,-0.465,-0.05
Comp_Brand_A_Promotion_ACV_Weighted_Distribution_wtd,0.31,1.334,4004.996,0.039,-0.47,0.009
weather_average_temp,0.31,1.334,4004.996,0.039,-0.47,2.763
Promotion_Avg_PPU,0.31,1.334,4004.995,0.04,-0.471,0.037
Comp_Brand_C_Base_Avg_PPKG,0.31,1.335,4004.994,0.04,-0.467,-0.036
weather_rainfall,0.31,1.334,4004.996,0.039,-0.47,-2.467
Media_Online_Partnership_Spends,0.31,1.333,4002.901,0.039,-0.478,0.584
Media_Search_Spends,0.31,1.334,4004.996,0.039,-0.471,-0.014
Comp_Brand_B_Base_Avg_PPKG,0.311,1.333,4004.985,0.039,-0.476,0.092
Media_Search_Impressions,0.311,1.333,4004.963,0.039,-0.468,0.129
Comp_Brand_A_Promotion_Avg_PPU,0.311,1.333,4003.782,0.037,-0.463,-1.016
heat_excess_lag4,0.311,1.332,4004.708,0.039,-0.47,0.501
ACV_Weighted_Distribution_wtd,0.312,1.333,4008.299,0.039,-0.471,520151223079550.44
Comp_Brand_A_Promotion_Avg_PPKG,0.312,1.332,4004.336,0.039,-0.482,0.742
Media_VOD_Impressions,0.312,1.334,4001.807,0.042,-0.467,-1.643
heat_above_15,0.312,1.331,4004.91,0.039,-0.468,0.275
comp_media_B_adstock0.8,0.312,1.331,4004.931,0.039,-0.472,0.239
promo_intensity_lag2,0.312,1.331,4004.936,0.042,-0.475,0.214
fourier_sin2,0.313,1.329,4004.681,0.039,-0.47,0.506
Comp_Brand_C_ACV_Weighted_Distribution_wtd,0.313,1.329,4004.783,0.04,-0.477,-0.421
weather_max_temp,0.313,1.329,4004.872,0.041,-0.473,-0.326
rel_dist_vs_C,0.313,1.33,4004.873,0.04,-0.475,0.321
Media_VOD_Spends,0.313,1.332,4001.935,0.043,-0.467,-1.608
temp_segment_10_15,0.314,1.325,4000.474,0.043,-0.473,-1.99
easter_week,0.314,1.323,4000.365,0.039,-0.492,2.001
weather_min_temp,0.314,1.321,3990.568,0.049,-0.459,-3.641
Comp_Brand_A_ACV_Weighted_Distribution_max,0.315,1.325,4004.69,0.039,-0.474,0.505
temp_segment_5_10,0.317,1.324,4004.09,0.04,-0.463,-0.858
heat_above_22,0.317,1.318,3997.13,0.04,-0.472,2.564
Media_OOH_Spends,0.321,1.313,4002.634,0.038,-0.471,1.444
log_rain,0.321,1.316,4001.035,0.044,-0.475,-1.872
heat_above_25,0.334,1.283,3996.666,0.04,-0.478,2.708
temp_sq,0.344,1.257,3989.913,0.042,-0.465,3.696
temp_segment_15_20,0.373,1.201,3965.654,0.04,-0.447,6.228
