variable,mean,q05,q95,p_positive,expected_sign,sign_ok,model
temp_avg,0.187,0.073,0.306,0.996,1,True,f1
heat_excess,0.515,0.449,0.578,1.0,1,True,f1
distribution,0.458,0.398,0.516,1.0,1,True,f1
log_rel_price,-0.283,-0.341,-0.223,0.0,-1,True,f1
promo_intensity,0.012,-0.048,0.071,0.626,1,True,f1
comp_media_spend,0.017,-0.029,0.063,0.716,-1,False,f1
rainfall,-0.081,-0.126,-0.036,0.001,-1,True,f1
new_year_week,-0.124,-0.169,-0.081,0.0,-1,True,f1
season_sin,0.012,-0.048,0.076,0.622,0,,f1
season_cos,-0.212,-0.31,-0.113,0.001,0,,f1
temp_avg,0.179,0.073,0.295,0.997,1,True,cC
heat_excess,0.519,0.455,0.58,1.0,1,True,cC
distribution,0.444,0.386,0.499,1.0,1,True,cC
log_rel_price,-0.268,-0.323,-0.208,0.0,-1,True,cC
promo_intensity,0.029,-0.03,0.087,0.801,1,True,cC
comp_media_spend,-0.001,-0.046,0.041,0.479,-1,True,cC
comp_c_promo_share,-0.102,-0.147,-0.054,0.0,-1,True,cC
rainfall,-0.07,-0.114,-0.027,0.001,-1,True,cC
new_year_week,-0.121,-0.166,-0.082,0.0,-1,True,cC
season_sin,0.033,-0.027,0.097,0.809,0,,cC
season_cos,-0.264,-0.354,-0.169,0.0,0,,cC
temp_avg,0.183,0.073,0.293,0.996,1,True,cCA
heat_excess,0.517,0.454,0.577,1.0,1,True,cCA
distribution,0.447,0.389,0.505,1.0,1,True,cCA
log_rel_price,-0.27,-0.327,-0.212,0.0,-1,True,cCA
promo_intensity,0.036,-0.022,0.093,0.836,1,True,cCA
comp_media_spend,0.002,-0.045,0.047,0.518,-1,False,cCA
comp_c_promo_share,-0.098,-0.142,-0.051,0.002,-1,True,cCA
comp_a_promo_depth,-0.027,-0.068,0.015,0.141,-1,True,cCA
rainfall,-0.07,-0.112,-0.025,0.001,-1,True,cCA
new_year_week,-0.121,-0.162,-0.081,0.0,-1,True,cCA
season_sin,0.033,-0.027,0.098,0.815,0,,cCA
season_cos,-0.262,-0.358,-0.167,0.0,0,,cCA
