period,driver,pct,lo,hi,start_m_kg,end_m_kg
2022-2023,Distribution,-0.22,-0.25,-0.2,,
2022-2023,Price premium,-7.66,-9.14,-6.17,,
2022-2023,Weather,-1.39,-1.72,-1.05,,
2022-2023,Own promotions,0.56,-0.64,1.79,,
2022-2023,Competitors,-1.85,-2.72,-1.0,,
2022-2023,Media,0.53,0.19,1.06,,
2022-2023,Calendar & other,0.78,0.61,0.94,,
2022-2023,Other / unexplained,1.06,,,,
2022-2023,Total change,-8.2,,,167.33,153.61
2023-2024,Distribution,13.25,11.76,14.79,,
2023-2024,Price premium,-4.29,-5.12,-3.46,,
2023-2024,Weather,-1.61,-1.82,-1.41,,
2023-2024,Own promotions,0.33,-0.38,1.07,,
2023-2024,Competitors,1.54,0.7,2.4,,
2023-2024,Media,0.72,-0.11,1.87,,
2023-2024,Calendar & other,-0.63,-0.88,-0.37,,
2023-2024,Other / unexplained,-1.08,,,,
2023-2024,Total change,8.24,,,153.61,166.26
