period,driver,pct,lo,hi,start_m_kg,end_m_kg,m_kg
2022-2023,temp_avg,-0.229,-0.369,-0.08,,,-383762.957
2022-2023,heat_excess,-0.722,-0.804,-0.644,,,-1208630.778
2022-2023,distribution,-0.223,-0.249,-0.198,,,-372930.511
2022-2023,log_rel_price,-7.659,-9.143,-6.166,,,-12815684.051
2022-2023,promo_intensity,0.556,-0.643,1.788,,,929654.223
2022-2023,comp_media_spend,-0.01,-0.05,0.03,,,-16387.901
2022-2023,comp_c_promo_share,-1.842,-2.705,-1.004,,,-3082598.681
2022-2023,rainfall,-0.435,-0.725,-0.15,,,-727715.267
2022-2023,new_year_week,0.33,0.228,0.432,,,552140.082
2022-2023,season_sin,-0.0,-0.001,0.0,,,-347.943
2022-2023,season_cos,0.156,0.106,0.209,,,261359.414
2022-2023,resid_lag1,0.288,0.171,0.404,,,481764.453
2022-2023,tv,0.244,0.089,0.536,,,407821.258
2022-2023,digital_video,0.0,0.0,0.0,,,0.0
2022-2023,social,-0.08,-0.22,-0.025,,,-133208.963
2022-2023,partnership,0.335,0.109,0.849,,,559740.765
2022-2023,ooh,0.0,0.0,0.0,,,0.0
2022-2023,search_rdm,0.001,0.0,0.002,,,966.932
2022-2023,Other / unexplained,1.09,,,,,1824615.08
2022-2023,Total change,-8.201,,,167.333,153.61,-13723204.845
2023-2024,temp_avg,-0.066,-0.106,-0.023,,,-101461.451
2023-2024,heat_excess,-1.65,-1.838,-1.471,,,-2535301.929
2023-2024,distribution,13.252,11.758,14.792,,,20356292.1
2023-2024,log_rel_price,-4.292,-5.124,-3.455,,,-6593146.842
2023-2024,promo_intensity,0.331,-0.383,1.067,,,509183.378
2023-2024,comp_media_spend,-0.128,-0.652,0.393,,,-196924.084
2023-2024,comp_c_promo_share,1.672,0.911,2.455,,,2568072.532
2023-2024,rainfall,0.108,0.037,0.181,,,166466.014
2023-2024,new_year_week,0.0,0.0,0.0,,,0.0
2023-2024,season_sin,0.0,-0.0,0.0,,,75.606
2023-2024,season_cos,0.0,0.0,0.0,,,32.81
2023-2024,resid_lag1,-0.626,-0.879,-0.372,,,-961301.403
2023-2024,tv,-0.265,-0.584,-0.097,,,-407821.258
2023-2024,digital_video,0.698,0.234,1.735,,,1072066.182
2023-2024,social,0.257,0.083,0.696,,,394230.684
2023-2024,partnership,-0.364,-0.924,-0.118,,,-559740.765
2023-2024,ooh,0.301,0.089,0.854,,,462319.418
2023-2024,search_rdm,0.016,0.006,0.049,,,24932.877
2023-2024,Other / unexplained,-1.007,,,,,-1547106.514
2023-2024,Total change,8.236,,,153.61,166.261,12650867.355
