channel,alpha,ec,bic,roi,t,dbic
tv,0.0,0.5,4389.418,-0.022,-0.032,1.497
tv,0.0,1.0,4389.418,-0.022,-0.032,1.497
tv,0.0,2.0,4389.418,-0.022,-0.032,1.497
tv,0.0,4.0,4389.418,-0.022,-0.032,1.497
tv,0.0,inf,4389.418,-0.022,-0.032,1.497
tv,0.2,0.5,4389.332,-0.25,-0.28,1.412
tv,0.2,1.0,4389.386,-0.146,-0.171,1.466
tv,0.2,2.0,4389.409,-0.078,-0.094,1.488
tv,0.2,4.0,4389.416,-0.036,-0.045,1.496
tv,0.2,inf,4389.418,0.013,0.016,1.498
tv,0.4,0.5,4389.092,-0.616,-0.544,1.171
tv,0.4,1.0,4389.268,-0.393,-0.369,1.347
tv,0.4,2.0,4389.356,-0.242,-0.238,1.435
tv,0.4,4.0,4389.393,-0.151,-0.154,1.472
tv,0.4,inf,4389.416,-0.048,-0.05,1.495
tv,0.6,0.5,4388.617,-1.292,-0.851,0.696
tv,0.6,1.0,4388.943,-0.926,-0.654,1.023
tv,0.6,2.0,4389.133,-0.68,-0.506,1.213
tv,0.6,4.0,4389.229,-0.534,-0.412,1.309
tv,0.6,inf,4389.319,-0.37,-0.299,1.398
tv,0.8,0.5,4387.921,-2.237,-1.16,0.0
tv,0.8,1.0,4388.188,-1.961,-1.05,0.267
tv,0.8,2.0,4388.387,-1.743,-0.961,0.466
tv,0.8,4.0,4388.508,-1.605,-0.903,0.587
tv,0.8,inf,4388.644,-1.443,-0.832,0.723
digital_video,0.0,0.5,4387.921,-1.224,-0.795,0.0
digital_video,0.0,1.0,4388.081,-1.043,-0.698,0.16
digital_video,0.0,2.0,4388.295,-0.774,-0.541,0.375
digital_video,0.0,4.0,4388.449,-0.532,-0.393,0.528
digital_video,0.0,inf,4388.587,-0.201,-0.172,0.667
digital_video,0.2,0.5,4388.226,-1.014,-0.596,0.305
digital_video,0.2,1.0,4388.339,-0.815,-0.502,0.418
digital_video,0.2,2.0,4388.475,-0.55,-0.36,0.555
digital_video,0.2,4.0,4388.561,-0.331,-0.231,0.64
digital_video,0.2,inf,4388.612,-0.105,-0.084,0.691
digital_video,0.4,0.5,4388.277,-1.056,-0.555,0.357
digital_video,0.4,1.0,4388.409,-0.776,-0.435,0.488
digital_video,0.4,2.0,4388.526,-0.48,-0.289,0.605
digital_video,0.4,4.0,4388.587,-0.263,-0.17,0.667
digital_video,0.4,inf,4388.614,-0.092,-0.069,0.694
digital_video,0.6,0.5,4388.249,-1.285,-0.577,0.329
digital_video,0.6,1.0,4388.36,-0.987,-0.481,0.44
digital_video,0.6,2.0,4388.461,-0.706,-0.376,0.54
digital_video,0.6,4.0,4388.522,-0.512,-0.295,0.601
digital_video,0.6,inf,4388.557,-0.348,-0.236,0.637
digital_video,0.8,0.5,4388.349,-1.259,-0.493,0.428
digital_video,0.8,1.0,4388.3,-1.252,-0.534,0.38
digital_video,0.8,2.0,4388.26,-1.208,-0.566,0.339
digital_video,0.8,4.0,4388.218,-1.172,-0.598,0.297
digital_video,0.8,inf,4388.117,-1.123,-0.669,0.196
social,0.0,0.5,4388.542,1.707,0.727,0.621
social,0.0,1.0,4388.359,1.867,0.832,0.439
social,0.0,2.0,4388.197,1.963,0.916,0.276
social,0.0,4.0,4388.083,2.006,0.97,0.162
social,0.0,inf,4387.939,2.028,1.033,0.018
social,0.2,0.5,4388.555,1.824,0.72,0.634
social,0.2,1.0,4388.364,2.001,0.832,0.443
social,0.2,2.0,4388.19,2.116,0.921,0.269
social,0.2,4.0,4388.069,2.169,0.978,0.148
social,0.2,inf,4387.921,2.196,1.044,0.0
social,0.4,0.5,4388.724,1.691,0.605,0.804
social,0.4,1.0,4388.526,1.947,0.739,0.606
social,0.4,2.0,4388.35,2.106,0.841,0.429
social,0.4,4.0,4388.227,2.184,0.904,0.306
social,0.4,inf,4388.074,2.239,0.977,0.154
social,0.6,0.5,4389.013,1.037,0.32,1.093
social,0.6,1.0,4388.883,1.423,0.472,0.962
social,0.6,2.0,4388.756,1.658,0.581,0.836
social,0.6,4.0,4388.664,1.781,0.65,0.743
social,0.6,inf,4388.541,1.897,0.731,0.621
social,0.8,0.5,4389.126,-0.075,-0.02,1.205
social,0.8,1.0,4389.124,0.149,0.043,1.203
social,0.8,2.0,4389.115,0.331,0.1,1.194
social,0.8,4.0,4389.104,0.45,0.142,1.183
social,0.8,inf,4389.083,0.597,0.198,1.162
partnership,0.0,0.5,4387.921,3.67,1.643,0.0
partnership,0.0,1.0,4387.921,3.67,1.643,0.0
partnership,0.0,2.0,4387.921,3.67,1.643,0.0
partnership,0.0,4.0,4387.921,3.67,1.643,0.0
partnership,0.0,inf,4387.921,3.67,1.643,0.0
partnership,0.2,0.5,4389.998,2.273,0.897,2.077
partnership,0.2,1.0,4389.602,2.691,1.078,1.681
partnership,0.2,2.0,4389.299,2.966,1.198,1.379
partnership,0.2,4.0,4389.107,3.128,1.27,1.186
partnership,0.2,inf,4388.876,3.312,1.351,0.955
partnership,0.4,0.5,4390.341,1.988,0.705,2.42
partnership,0.4,1.0,4390.14,2.298,0.823,2.219
partnership,0.4,2.0,4389.928,2.584,0.932,2.007
partnership,0.4,4.0,4389.763,2.784,1.009,1.842
partnership,0.4,inf,4389.534,3.038,1.108,1.613
partnership,0.6,0.5,4390.382,2.162,0.68,2.462
partnership,0.6,1.0,4390.297,2.348,0.734,2.377
partnership,0.6,2.0,4390.199,2.542,0.792,2.279
partnership,0.6,4.0,4390.113,2.7,0.84,2.192
partnership,0.6,inf,4389.975,2.931,0.911,2.055
partnership,0.8,0.5,4390.589,1.85,0.526,2.669
partnership,0.8,1.0,4390.548,2.029,0.561,2.627
partnership,0.8,2.0,4390.514,2.177,0.588,2.594
partnership,0.8,4.0,4390.489,2.285,0.607,2.568
partnership,0.8,inf,4390.45,2.443,0.636,2.529
ooh,0.0,0.5,4391.705,3.63,2.643,3.784
ooh,0.0,1.0,4391.194,3.659,2.732,3.274
ooh,0.0,2.0,4390.771,3.636,2.804,2.85
ooh,0.0,4.0,4390.504,3.581,2.848,2.583
ooh,0.0,inf,4390.232,3.441,2.892,2.312
ooh,0.2,0.5,4392.52,5.596,2.531,4.6
ooh,0.2,1.0,4391.707,5.311,2.665,3.786
ooh,0.2,2.0,4390.981,5.056,2.783,3.06
ooh,0.2,4.0,4390.501,4.841,2.859,2.58
ooh,0.2,inf,4389.936,4.502,2.946,2.015
ooh,0.4,0.5,4389.914,9.027,3.009,1.993
ooh,0.4,1.0,4389.709,8.138,3.029,1.788
ooh,0.4,2.0,4389.417,7.466,3.063,1.497
ooh,0.4,4.0,4389.182,7.003,3.092,1.262
ooh,0.4,inf,4388.864,6.384,3.131,0.944
ooh,0.6,0.5,4389.08,12.725,3.13,1.16
ooh,0.6,1.0,4388.455,11.811,3.225,0.535
ooh,0.6,2.0,4388.163,10.951,3.266,0.242
ooh,0.6,4.0,4388.034,10.337,3.282,0.113
ooh,0.6,inf,4387.921,9.536,3.293,0.0
ooh,0.8,0.5,4391.655,14.378,2.674,3.735
ooh,0.8,1.0,4390.956,14.008,2.797,3.036
ooh,0.8,2.0,4390.532,13.578,2.87,2.612
ooh,0.8,4.0,4390.303,13.255,2.909,2.382
ooh,0.8,inf,4390.065,12.827,2.949,2.144
search_rdm,0.0,0.5,4391.958,-48.822,-0.511,4.037
search_rdm,0.0,1.0,4391.814,-58.313,-0.642,3.894
search_rdm,0.0,2.0,4391.596,-68.853,-0.798,3.675
search_rdm,0.0,4.0,4391.385,-75.749,-0.922,3.465
search_rdm,0.0,inf,4391.062,-80.53,-1.078,3.142
search_rdm,0.2,0.5,4391.437,-89.735,-0.893,3.516
search_rdm,0.2,1.0,4391.37,-88.902,-0.932,3.45
search_rdm,0.2,2.0,4391.231,-91.124,-1.006,3.311
search_rdm,0.2,4.0,4391.093,-92.859,-1.073,3.172
search_rdm,0.2,inf,4390.88,-92.635,-1.165,2.96
search_rdm,0.4,0.5,4390.765,-129.007,-1.22,2.845
search_rdm,0.4,1.0,4390.716,-125.019,-1.242,2.795
search_rdm,0.4,2.0,4390.622,-122.848,-1.282,2.701
search_rdm,0.4,4.0,4390.539,-120.834,-1.315,2.618
search_rdm,0.4,inf,4390.427,-115.822,-1.357,2.506
search_rdm,0.6,0.5,4389.629,-182.674,-1.642,1.708
search_rdm,0.6,1.0,4389.608,-175.342,-1.649,1.687
search_rdm,0.6,2.0,4389.558,-169.558,-1.665,1.638
search_rdm,0.6,4.0,4389.518,-164.756,-1.678,1.597
search_rdm,0.6,inf,4389.473,-156.265,-1.692,1.553
search_rdm,0.8,0.5,4388.01,-243.817,-2.107,0.09
search_rdm,0.8,1.0,4387.921,-235.751,-2.13,0.0
search_rdm,0.8,2.0,4387.936,-226.372,-2.125,0.016
search_rdm,0.8,4.0,4387.979,-218.253,-2.113,0.059
search_rdm,0.8,inf,4388.061,-205.193,-2.09,0.141
