,alpha,ec,roi,se,t,lo,hi,spend_k
tv,0.8,0.5,-2.237,1.929,-1.16,-5.41,0.937,528.799
digital_video,0.0,0.5,-1.224,1.54,-0.795,-3.758,1.31,1250.263
social,0.2,inf,2.196,2.104,1.044,-1.265,5.658,735.58
partnership,0.0,0.5,3.67,2.233,1.643,-0.004,7.344,574.6
ooh,0.6,inf,9.536,2.896,3.293,4.772,14.299,349.635
search_rdm,0.8,1.0,-235.751,110.703,-2.13,-417.858,-53.645,29.044
All Channels,,,-0.721,0.949,-0.76,-2.282,0.839,3467.921
All ex search_rdm,,,1.264,0.69,1.83,0.128,2.399,3438.877
digital_video + ooh,,,1.128,1.15,0.981,-0.764,3.019,1599.898
tv + partnership,,,0.839,0.909,0.923,-0.657,2.335,1103.399
