time,resid_kg
2022-01-01,-422883.2181063937
2022-01-08,3604.9492228711
2022-01-15,-132171.58133469988
2022-01-22,-92892.8139705332
2022-01-29,-307635.6089981636
2022-02-05,-182090.8831656323
2022-02-12,-21693.3165073315
2022-02-19,-19986.208208031898
2022-02-26,13039.7396761695
2022-03-05,44830.677635888096
2022-03-12,115965.52712455251
2022-03-19,242657.0774184302
2022-03-26,327244.1121767368
2022-04-02,143418.22793752
2022-04-09,363683.9867764199
2022-04-16,615253.0682322253
2022-04-23,87781.0961988484
2022-04-30,39540.5038676867
2022-05-07,-186418.803839453
2022-05-14,-56889.3538918867
2022-05-21,-149722.2553754109
2022-05-28,-145941.64314576142
2022-06-04,-2700.0797628527002
2022-06-11,-131505.511864081
2022-06-18,-431584.8719379739
2022-06-25,-354604.4293747977
2022-07-02,-1183.5999174723
2022-07-09,-395783.4361683731
2022-07-16,430481.5931770112
2022-07-23,1745.956113534
2022-07-30,31001.4782398841
2022-08-06,138774.1073613423
2022-08-13,606100.0367552927
2022-08-20,309312.4036830952
2022-08-27,165798.92390991093
2022-09-03,-348339.0742366384
2022-09-10,-422424.3831139235
2022-09-17,-92122.1853524008
2022-09-24,-97941.60421074969
2022-10-01,-101423.5784025513
2022-10-08,37240.133930648604
2022-10-15,-16504.8094688723
2022-10-22,14898.1978891016
2022-10-29,3568.6438304958
2022-11-05,24990.5724498117
2022-11-12,-27436.7302140756
2022-11-19,-4971.9213385297
2022-11-26,-62960.096670404506
2022-12-03,-108016.91568661941
2022-12-10,-74876.661511478
2022-12-17,185964.7831211751
2022-12-24,222785.3020040383
2022-12-31,243693.0520060365
2023-01-07,4112.8976553044995
2023-01-14,129825.8629064755
2023-01-21,127488.06360744592
2023-01-28,112792.6363170901
2023-02-04,76864.273599341
2023-02-11,95686.2038066722
2023-02-18,62463.595276975
2023-02-25,73583.0546726035
2023-03-04,105311.0340079818
2023-03-11,64914.0545912701
2023-03-18,116306.8008952587
2023-03-25,118018.97418212
2023-04-01,76227.1714038294
2023-04-08,185535.5580530036
2023-04-15,-112398.76750445079
2023-04-22,40657.5330791301
2023-04-29,27022.2809504945
2023-05-06,-125171.60309454332
2023-05-13,-130607.98604806651
2023-05-20,-87120.6503582638
2023-05-27,143258.79092949108
2023-06-03,52780.8441719748
2023-06-10,-580527.5186468856
2023-06-17,152782.1739614559
2023-06-24,246696.5111338766
2023-07-01,208.1409312421
2023-07-08,-451898.6916115712
2023-07-15,30254.236248297602
2023-07-22,90209.2567303008
2023-07-29,44628.3947258787
2023-08-05,137072.9163289433
2023-08-12,-53907.1950655444
2023-08-19,-15170.746404217001
2023-08-26,135600.70648352097
2023-09-02,-184722.57788573622
2023-09-09,93280.6249221935
2023-09-16,14776.9582760743
2023-09-23,228466.544267029
2023-09-30,61854.8555253474
2023-10-07,-146006.4134039245
2023-10-14,-113630.00782475149
2023-10-21,191828.87407642129
2023-10-28,80549.4564997525
2023-11-04,10966.445029297302
2023-11-11,-116670.8923891461
2023-11-18,-28484.443424976398
2023-11-25,-105580.0058501381
2023-12-02,71929.7762482846
2023-12-09,137077.26996358248
2023-12-16,-18043.328453144903
2023-12-23,-3527.2849223543
2023-12-30,176200.86357159002
2024-01-06,-24655.8189099449
2024-01-13,-6295.2762397155
2024-01-20,18106.9002552498
2024-01-27,10358.4353940277
2024-02-03,-170409.8317516534
2024-02-10,-160820.761528546
2024-02-17,-96132.7605162095
2024-02-24,-173414.43740972588
2024-03-02,-169198.6573571246
2024-03-09,-205596.07015271438
2024-03-16,-241292.1417241487
2024-03-23,-256958.3163708094
2024-03-30,-136554.8771640798
2024-04-06,-165111.4717832291
2024-04-13,-117052.41451828969
2024-04-20,-134774.057580261
2024-04-27,-172441.9968705228
2024-05-04,84415.1820912989
2024-05-11,49407.717165457
2024-05-18,47922.1377795566
2024-05-25,530923.7431704244
2024-06-01,3597.2056043567
2024-06-08,26309.8907063375
2024-06-15,44430.2722185677
2024-06-22,-64988.630919377705
2024-06-29,243211.2163016181
2024-07-06,-29858.1112069701
2024-07-13,-71897.0913749742
2024-07-20,-133015.3919619424
2024-07-27,159843.7147699482
2024-08-03,439906.6089244596
2024-08-10,-120761.93413686751
2024-08-17,63423.6749213142
2024-08-24,-40345.8658539666
2024-08-31,-233182.5605523404
2024-09-07,-603520.9668172533
2024-09-14,-16151.633313578499
2024-09-21,-231322.8098210566
2024-09-28,111491.8105617971
2024-10-05,-24718.884809541898
2024-10-12,57392.0706851137
2024-10-19,166397.89950996632
2024-10-26,53619.5638328734
2024-11-02,57796.0888368547
2024-11-09,-128233.1872615059
2024-11-16,-242219.0402994919
2024-11-23,-219991.7092601191
2024-11-30,31017.9174874247
2024-12-07,-11927.67323968
2024-12-14,-75694.75876881079
2024-12-21,135636.1170094739
2024-12-28,221797.25921496298
2025-01-04,-26186.773198835
2025-01-11,-4329.6016126535
2025-01-18,-71373.44649735739
2025-01-25,-100628.9690012326
